sample_id,image_path,class_idx,synset_id,sample_in_class
0,data/imagenet-val/n01440764/ILSVRC2012_val_00039905.JPEG,0,n01440764,0
1,data/imagenet-val/n01440764/ILSVRC2012_val_00009346.JPEG,0,n01440764,1
2,data/imagenet-val/n01484850/ILSVRC2012_val_00031466.JPEG,2,n01484850,0
3,data/imagenet-val/n01484850/ILSVRC2012_val_00035774.JPEG,2,n01484850,1
4,data/imagenet-val/n01491361/ILSVRC2012_val_00024854.JPEG,3,n01491361,0
5,data/imagenet-val/n01491361/ILSVRC2012_val_00029300.JPEG,3,n01491361,1
6,data/imagenet-val/n01498041/ILSVRC2012_val_00038215.JPEG,6,n01498041,0
7,data/imagenet-val/n01498041/ILSVRC2012_val_00027005.JPEG,6,n01498041,1
8,data/imagenet-val/n01514668/ILSVRC2012_val_00003936.JPEG,7,n01514668,0
9,data/imagenet-val/n01514668/ILSVRC2012_val_00019721.JPEG,7,n01514668,1
10,data/imagenet-val/n01514859/ILSVRC2012_val_00033538.JPEG,8,n01514859,0
11,data/imagenet-val/n01514859/ILSVRC2012_val_00014917.JPEG,8,n01514859,1
12,data/imagenet-val/n01518878/ILSVRC2012_val_00017839.JPEG,9,n01518878,0
13,data/imagenet-val/n01518878/ILSVRC2012_val_00036749.JPEG,9,n01518878,1
14,data/imagenet-val/n01531178/ILSVRC2012_val_00032855.JPEG,11,n01531178,0
15,data/imagenet-val/n01531178/ILSVRC2012_val_00013902.JPEG,11,n01531178,1
16,data/imagenet-val/n01532829/ILSVRC2012_val_00006597.JPEG,12,n01532829,0
17,data/imagenet-val/n01532829/ILSVRC2012_val_00022889.JPEG,12,n01532829,1
18,data/imagenet-val/n01558993/ILSVRC2012_val_00005412.JPEG,15,n01558993,0
19,data/imagenet-val/n01558993/ILSVRC2012_val_00027535.JPEG,15,n01558993,1
20,data/imagenet-val/n01592084/ILSVRC2012_val_00035947.JPEG,19,n01592084,0
21,data/imagenet-val/n01592084/ILSVRC2012_val_00017916.JPEG,19,n01592084,1
22,data/imagenet-val/n01608432/ILSVRC2012_val_00028521.JPEG,21,n01608432,0
23,data/imagenet-val/n01608432/ILSVRC2012_val_00018796.JPEG,21,n01608432,1
24,data/imagenet-val/n01629819/ILSVRC2012_val_00001816.JPEG,25,n01629819,0
25,data/imagenet-val/n01629819/ILSVRC2012_val_00008542.JPEG,25,n01629819,1
26,data/imagenet-val/n01631663/ILSVRC2012_val_00040592.JPEG,27,n01631663,0
27,data/imagenet-val/n01631663/ILSVRC2012_val_00000807.JPEG,27,n01631663,1
28,data/imagenet-val/n01641577/ILSVRC2012_val_00005045.JPEG,30,n01641577,0
29,data/imagenet-val/n01641577/ILSVRC2012_val_00033863.JPEG,30,n01641577,1
30,data/imagenet-val/n01644900/ILSVRC2012_val_00039996.JPEG,32,n01644900,0
31,data/imagenet-val/n01644900/ILSVRC2012_val_00032966.JPEG,32,n01644900,1
32,data/imagenet-val/n01667778/ILSVRC2012_val_00011150.JPEG,36,n01667778,0
33,data/imagenet-val/n01667778/ILSVRC2012_val_00008921.JPEG,36,n01667778,1
34,data/imagenet-val/n01677366/ILSVRC2012_val_00031564.JPEG,39,n01677366,0
35,data/imagenet-val/n01677366/ILSVRC2012_val_00028571.JPEG,39,n01677366,1
36,data/imagenet-val/n01682714/ILSVRC2012_val_00011551.JPEG,40,n01682714,0
37,data/imagenet-val/n01682714/ILSVRC2012_val_00049851.JPEG,40,n01682714,1
38,data/imagenet-val/n01687978/ILSVRC2012_val_00046258.JPEG,42,n01687978,0
39,data/imagenet-val/n01687978/ILSVRC2012_val_00018305.JPEG,42,n01687978,1
40,data/imagenet-val/n01689811/ILSVRC2012_val_00049987.JPEG,44,n01689811,0
41,data/imagenet-val/n01689811/ILSVRC2012_val_00001645.JPEG,44,n01689811,1
42,data/imagenet-val/n01692333/ILSVRC2012_val_00010164.JPEG,45,n01692333,0
43,data/imagenet-val/n01692333/ILSVRC2012_val_00046106.JPEG,45,n01692333,1
44,data/imagenet-val/n01693334/ILSVRC2012_val_00026626.JPEG,46,n01693334,0
45,data/imagenet-val/n01693334/ILSVRC2012_val_00016778.JPEG,46,n01693334,1
46,data/imagenet-val/n01695060/ILSVRC2012_val_00008618.JPEG,48,n01695060,0
47,data/imagenet-val/n01695060/ILSVRC2012_val_00039578.JPEG,48,n01695060,1
48,data/imagenet-val/n01704323/ILSVRC2012_val_00030212.JPEG,51,n01704323,0
49,data/imagenet-val/n01704323/ILSVRC2012_val_00041922.JPEG,51,n01704323,1
50,data/imagenet-val/n01728572/ILSVRC2012_val_00033762.JPEG,52,n01728572,0
51,data/imagenet-val/n01728572/ILSVRC2012_val_00015644.JPEG,52,n01728572,1
52,data/imagenet-val/n01729977/ILSVRC2012_val_00009979.JPEG,55,n01729977,0
53,data/imagenet-val/n01729977/ILSVRC2012_val_00022825.JPEG,55,n01729977,1
54,data/imagenet-val/n01735189/ILSVRC2012_val_00023657.JPEG,57,n01735189,0
55,data/imagenet-val/n01735189/ILSVRC2012_val_00023442.JPEG,57,n01735189,1
56,data/imagenet-val/n01737021/ILSVRC2012_val_00009042.JPEG,58,n01737021,0
57,data/imagenet-val/n01737021/ILSVRC2012_val_00033684.JPEG,58,n01737021,1
58,data/imagenet-val/n01739381/ILSVRC2012_val_00034919.JPEG,59,n01739381,0
59,data/imagenet-val/n01739381/ILSVRC2012_val_00011037.JPEG,59,n01739381,1
60,data/imagenet-val/n01740131/ILSVRC2012_val_00011034.JPEG,60,n01740131,0
61,data/imagenet-val/n01740131/ILSVRC2012_val_00043694.JPEG,60,n01740131,1
62,data/imagenet-val/n01744401/ILSVRC2012_val_00001482.JPEG,62,n01744401,0
63,data/imagenet-val/n01744401/ILSVRC2012_val_00010586.JPEG,62,n01744401,1
64,data/imagenet-val/n01751748/ILSVRC2012_val_00019204.JPEG,65,n01751748,0
65,data/imagenet-val/n01751748/ILSVRC2012_val_00039265.JPEG,65,n01751748,1
66,data/imagenet-val/n01755581/ILSVRC2012_val_00019097.JPEG,67,n01755581,0
67,data/imagenet-val/n01755581/ILSVRC2012_val_00016905.JPEG,67,n01755581,1
68,data/imagenet-val/n01768244/ILSVRC2012_val_00015154.JPEG,69,n01768244,0
69,data/imagenet-val/n01768244/ILSVRC2012_val_00020236.JPEG,69,n01768244,1
70,data/imagenet-val/n01770081/ILSVRC2012_val_00031952.JPEG,70,n01770081,0
71,data/imagenet-val/n01770081/ILSVRC2012_val_00042630.JPEG,70,n01770081,1
72,data/imagenet-val/n01770393/ILSVRC2012_val_00001887.JPEG,71,n01770393,0
73,data/imagenet-val/n01770393/ILSVRC2012_val_00042281.JPEG,71,n01770393,1
74,data/imagenet-val/n01773157/ILSVRC2012_val_00015141.JPEG,72,n01773157,0
75,data/imagenet-val/n01773157/ILSVRC2012_val_00033987.JPEG,72,n01773157,1
76,data/imagenet-val/n01773549/ILSVRC2012_val_00015506.JPEG,73,n01773549,0
77,data/imagenet-val/n01773549/ILSVRC2012_val_00011808.JPEG,73,n01773549,1
78,data/imagenet-val/n01773797/ILSVRC2012_val_00047551.JPEG,74,n01773797,0
79,data/imagenet-val/n01773797/ILSVRC2012_val_00035593.JPEG,74,n01773797,1
80,data/imagenet-val/n01774384/ILSVRC2012_val_00019765.JPEG,75,n01774384,0
81,data/imagenet-val/n01774384/ILSVRC2012_val_00017294.JPEG,75,n01774384,1
82,data/imagenet-val/n01775062/ILSVRC2012_val_00017986.JPEG,77,n01775062,0
83,data/imagenet-val/n01775062/ILSVRC2012_val_00013617.JPEG,77,n01775062,1
84,data/imagenet-val/n01795545/ILSVRC2012_val_00028600.JPEG,80,n01795545,0
85,data/imagenet-val/n01795545/ILSVRC2012_val_00007323.JPEG,80,n01795545,1
86,data/imagenet-val/n01796340/ILSVRC2012_val_00002846.JPEG,81,n01796340,0
87,data/imagenet-val/n01796340/ILSVRC2012_val_00019036.JPEG,81,n01796340,1
88,data/imagenet-val/n01797886/ILSVRC2012_val_00022115.JPEG,82,n01797886,0
89,data/imagenet-val/n01797886/ILSVRC2012_val_00036713.JPEG,82,n01797886,1
90,data/imagenet-val/n01798484/ILSVRC2012_val_00021305.JPEG,83,n01798484,0
91,data/imagenet-val/n01798484/ILSVRC2012_val_00020690.JPEG,83,n01798484,1
92,data/imagenet-val/n01817953/ILSVRC2012_val_00038169.JPEG,87,n01817953,0
93,data/imagenet-val/n01817953/ILSVRC2012_val_00035096.JPEG,87,n01817953,1
94,data/imagenet-val/n01819313/ILSVRC2012_val_00022806.JPEG,89,n01819313,0
95,data/imagenet-val/n01819313/ILSVRC2012_val_00023805.JPEG,89,n01819313,1
96,data/imagenet-val/n01829413/ILSVRC2012_val_00044301.JPEG,93,n01829413,0
97,data/imagenet-val/n01829413/ILSVRC2012_val_00024914.JPEG,93,n01829413,1
98,data/imagenet-val/n01833805/ILSVRC2012_val_00035726.JPEG,94,n01833805,0
99,data/imagenet-val/n01833805/ILSVRC2012_val_00028801.JPEG,94,n01833805,1
100,data/imagenet-val/n01843065/ILSVRC2012_val_00007284.JPEG,95,n01843065,0
101,data/imagenet-val/n01843065/ILSVRC2012_val_00012508.JPEG,95,n01843065,1
102,data/imagenet-val/n01843383/ILSVRC2012_val_00015298.JPEG,96,n01843383,0
103,data/imagenet-val/n01843383/ILSVRC2012_val_00024848.JPEG,96,n01843383,1
104,data/imagenet-val/n01855032/ILSVRC2012_val_00046316.JPEG,98,n01855032,0
105,data/imagenet-val/n01855032/ILSVRC2012_val_00012488.JPEG,98,n01855032,1
106,data/imagenet-val/n01855672/ILSVRC2012_val_00033076.JPEG,99,n01855672,0
107,data/imagenet-val/n01855672/ILSVRC2012_val_00049352.JPEG,99,n01855672,1
108,data/imagenet-val/n01860187/ILSVRC2012_val_00035499.JPEG,100,n01860187,0
109,data/imagenet-val/n01860187/ILSVRC2012_val_00044515.JPEG,100,n01860187,1
110,data/imagenet-val/n01872401/ILSVRC2012_val_00030772.JPEG,102,n01872401,0
111,data/imagenet-val/n01872401/ILSVRC2012_val_00001329.JPEG,102,n01872401,1
112,data/imagenet-val/n01873310/ILSVRC2012_val_00048752.JPEG,103,n01873310,0
113,data/imagenet-val/n01873310/ILSVRC2012_val_00022372.JPEG,103,n01873310,1
114,data/imagenet-val/n01877812/ILSVRC2012_val_00004845.JPEG,104,n01877812,0
115,data/imagenet-val/n01877812/ILSVRC2012_val_00041445.JPEG,104,n01877812,1
116,data/imagenet-val/n01882714/ILSVRC2012_val_00039152.JPEG,105,n01882714,0
117,data/imagenet-val/n01882714/ILSVRC2012_val_00042550.JPEG,105,n01882714,1
118,data/imagenet-val/n01883070/ILSVRC2012_val_00027195.JPEG,106,n01883070,0
119,data/imagenet-val/n01883070/ILSVRC2012_val_00045335.JPEG,106,n01883070,1
120,data/imagenet-val/n01914609/ILSVRC2012_val_00026274.JPEG,108,n01914609,0
121,data/imagenet-val/n01914609/ILSVRC2012_val_00031644.JPEG,108,n01914609,1
122,data/imagenet-val/n01917289/ILSVRC2012_val_00047014.JPEG,109,n01917289,0
123,data/imagenet-val/n01917289/ILSVRC2012_val_00032351.JPEG,109,n01917289,1
124,data/imagenet-val/n01924916/ILSVRC2012_val_00047895.JPEG,110,n01924916,0
125,data/imagenet-val/n01924916/ILSVRC2012_val_00024457.JPEG,110,n01924916,1
126,data/imagenet-val/n01930112/ILSVRC2012_val_00031388.JPEG,111,n01930112,0
127,data/imagenet-val/n01930112/ILSVRC2012_val_00004923.JPEG,111,n01930112,1
128,data/imagenet-val/n01943899/ILSVRC2012_val_00012480.JPEG,112,n01943899,0
129,data/imagenet-val/n01943899/ILSVRC2012_val_00020958.JPEG,112,n01943899,1
130,data/imagenet-val/n01945685/ILSVRC2012_val_00031728.JPEG,114,n01945685,0
131,data/imagenet-val/n01945685/ILSVRC2012_val_00029475.JPEG,114,n01945685,1
132,data/imagenet-val/n01955084/ILSVRC2012_val_00042830.JPEG,116,n01955084,0
133,data/imagenet-val/n01955084/ILSVRC2012_val_00015932.JPEG,116,n01955084,1
134,data/imagenet-val/n01968897/ILSVRC2012_val_00033931.JPEG,117,n01968897,0
135,data/imagenet-val/n01968897/ILSVRC2012_val_00008289.JPEG,117,n01968897,1
136,data/imagenet-val/n01978287/ILSVRC2012_val_00013618.JPEG,118,n01978287,0
137,data/imagenet-val/n01978287/ILSVRC2012_val_00029471.JPEG,118,n01978287,1
138,data/imagenet-val/n01983481/ILSVRC2012_val_00006179.JPEG,122,n01983481,0
139,data/imagenet-val/n01983481/ILSVRC2012_val_00048277.JPEG,122,n01983481,1
140,data/imagenet-val/n01984695/ILSVRC2012_val_00002243.JPEG,123,n01984695,0
141,data/imagenet-val/n01984695/ILSVRC2012_val_00003753.JPEG,123,n01984695,1
142,data/imagenet-val/n02002556/ILSVRC2012_val_00018991.JPEG,127,n02002556,0
143,data/imagenet-val/n02002556/ILSVRC2012_val_00032643.JPEG,127,n02002556,1
144,data/imagenet-val/n02002724/ILSVRC2012_val_00021252.JPEG,128,n02002724,0
145,data/imagenet-val/n02002724/ILSVRC2012_val_00034743.JPEG,128,n02002724,1
146,data/imagenet-val/n02007558/ILSVRC2012_val_00024551.JPEG,130,n02007558,0
147,data/imagenet-val/n02007558/ILSVRC2012_val_00016016.JPEG,130,n02007558,1
148,data/imagenet-val/n02009229/ILSVRC2012_val_00026327.JPEG,131,n02009229,0
149,data/imagenet-val/n02009229/ILSVRC2012_val_00034578.JPEG,131,n02009229,1
150,data/imagenet-val/n02011460/ILSVRC2012_val_00019810.JPEG,133,n02011460,0
151,data/imagenet-val/n02011460/ILSVRC2012_val_00009866.JPEG,133,n02011460,1
152,data/imagenet-val/n02012849/ILSVRC2012_val_00000648.JPEG,134,n02012849,0
153,data/imagenet-val/n02012849/ILSVRC2012_val_00002002.JPEG,134,n02012849,1
154,data/imagenet-val/n02013706/ILSVRC2012_val_00015167.JPEG,135,n02013706,0
155,data/imagenet-val/n02013706/ILSVRC2012_val_00031304.JPEG,135,n02013706,1
156,data/imagenet-val/n02018207/ILSVRC2012_val_00009270.JPEG,137,n02018207,0
157,data/imagenet-val/n02018207/ILSVRC2012_val_00006814.JPEG,137,n02018207,1
158,data/imagenet-val/n02028035/ILSVRC2012_val_00002965.JPEG,141,n02028035,0
159,data/imagenet-val/n02028035/ILSVRC2012_val_00002633.JPEG,141,n02028035,1
160,data/imagenet-val/n02033041/ILSVRC2012_val_00020205.JPEG,142,n02033041,0
161,data/imagenet-val/n02033041/ILSVRC2012_val_00000098.JPEG,142,n02033041,1
162,data/imagenet-val/n02037110/ILSVRC2012_val_00008737.JPEG,143,n02037110,0
163,data/imagenet-val/n02037110/ILSVRC2012_val_00009923.JPEG,143,n02037110,1
164,data/imagenet-val/n02058221/ILSVRC2012_val_00046647.JPEG,146,n02058221,0
165,data/imagenet-val/n02058221/ILSVRC2012_val_00010446.JPEG,146,n02058221,1
166,data/imagenet-val/n02085620/ILSVRC2012_val_00036150.JPEG,151,n02085620,0
167,data/imagenet-val/n02085620/ILSVRC2012_val_00029450.JPEG,151,n02085620,1
168,data/imagenet-val/n02085782/ILSVRC2012_val_00036890.JPEG,152,n02085782,0
169,data/imagenet-val/n02085782/ILSVRC2012_val_00003953.JPEG,152,n02085782,1
170,data/imagenet-val/n02086646/ILSVRC2012_val_00001848.JPEG,156,n02086646,0
171,data/imagenet-val/n02086646/ILSVRC2012_val_00030642.JPEG,156,n02086646,1
172,data/imagenet-val/n02087046/ILSVRC2012_val_00002521.JPEG,158,n02087046,0
173,data/imagenet-val/n02087046/ILSVRC2012_val_00014912.JPEG,158,n02087046,1
174,data/imagenet-val/n02087394/ILSVRC2012_val_00001651.JPEG,159,n02087394,0
175,data/imagenet-val/n02087394/ILSVRC2012_val_00044094.JPEG,159,n02087394,1
176,data/imagenet-val/n02088238/ILSVRC2012_val_00008311.JPEG,161,n02088238,0
177,data/imagenet-val/n02088238/ILSVRC2012_val_00002111.JPEG,161,n02088238,1
178,data/imagenet-val/n02088466/ILSVRC2012_val_00024090.JPEG,163,n02088466,0
179,data/imagenet-val/n02088466/ILSVRC2012_val_00028118.JPEG,163,n02088466,1
180,data/imagenet-val/n02089078/ILSVRC2012_val_00031699.JPEG,165,n02089078,0
181,data/imagenet-val/n02089078/ILSVRC2012_val_00045901.JPEG,165,n02089078,1
182,data/imagenet-val/n02089867/ILSVRC2012_val_00016255.JPEG,166,n02089867,0
183,data/imagenet-val/n02089867/ILSVRC2012_val_00035669.JPEG,166,n02089867,1
184,data/imagenet-val/n02089973/ILSVRC2012_val_00037826.JPEG,167,n02089973,0
185,data/imagenet-val/n02089973/ILSVRC2012_val_00043391.JPEG,167,n02089973,1
186,data/imagenet-val/n02090379/ILSVRC2012_val_00025696.JPEG,168,n02090379,0
187,data/imagenet-val/n02090379/ILSVRC2012_val_00001267.JPEG,168,n02090379,1
188,data/imagenet-val/n02090622/ILSVRC2012_val_00036266.JPEG,169,n02090622,0
189,data/imagenet-val/n02090622/ILSVRC2012_val_00020810.JPEG,169,n02090622,1
190,data/imagenet-val/n02090721/ILSVRC2012_val_00020375.JPEG,170,n02090721,0
191,data/imagenet-val/n02090721/ILSVRC2012_val_00037137.JPEG,170,n02090721,1
192,data/imagenet-val/n02091635/ILSVRC2012_val_00015377.JPEG,175,n02091635,0
193,data/imagenet-val/n02091635/ILSVRC2012_val_00010062.JPEG,175,n02091635,1
194,data/imagenet-val/n02093647/ILSVRC2012_val_00023179.JPEG,181,n02093647,0
195,data/imagenet-val/n02093647/ILSVRC2012_val_00024072.JPEG,181,n02093647,1
196,data/imagenet-val/n02093754/ILSVRC2012_val_00004186.JPEG,182,n02093754,0
197,data/imagenet-val/n02093754/ILSVRC2012_val_00012605.JPEG,182,n02093754,1
198,data/imagenet-val/n02093859/ILSVRC2012_val_00040589.JPEG,183,n02093859,0
199,data/imagenet-val/n02093859/ILSVRC2012_val_00015610.JPEG,183,n02093859,1
200,data/imagenet-val/n02094433/ILSVRC2012_val_00035939.JPEG,187,n02094433,0
201,data/imagenet-val/n02094433/ILSVRC2012_val_00009244.JPEG,187,n02094433,1
202,data/imagenet-val/n02095889/ILSVRC2012_val_00017509.JPEG,190,n02095889,0
203,data/imagenet-val/n02095889/ILSVRC2012_val_00006840.JPEG,190,n02095889,1
204,data/imagenet-val/n02096437/ILSVRC2012_val_00044284.JPEG,194,n02096437,0
205,data/imagenet-val/n02096437/ILSVRC2012_val_00022518.JPEG,194,n02096437,1
206,data/imagenet-val/n02097047/ILSVRC2012_val_00023919.JPEG,196,n02097047,0
207,data/imagenet-val/n02097047/ILSVRC2012_val_00007072.JPEG,196,n02097047,1
208,data/imagenet-val/n02098286/ILSVRC2012_val_00013573.JPEG,203,n02098286,0
209,data/imagenet-val/n02098286/ILSVRC2012_val_00025645.JPEG,203,n02098286,1
210,data/imagenet-val/n02098413/ILSVRC2012_val_00003377.JPEG,204,n02098413,0
211,data/imagenet-val/n02098413/ILSVRC2012_val_00033308.JPEG,204,n02098413,1
212,data/imagenet-val/n02099267/ILSVRC2012_val_00031591.JPEG,205,n02099267,0
213,data/imagenet-val/n02099267/ILSVRC2012_val_00026803.JPEG,205,n02099267,1
214,data/imagenet-val/n02099712/ILSVRC2012_val_00022670.JPEG,208,n02099712,0
215,data/imagenet-val/n02099712/ILSVRC2012_val_00023471.JPEG,208,n02099712,1
216,data/imagenet-val/n02099849/ILSVRC2012_val_00024399.JPEG,209,n02099849,0
217,data/imagenet-val/n02099849/ILSVRC2012_val_00040961.JPEG,209,n02099849,1
218,data/imagenet-val/n02101006/ILSVRC2012_val_00024179.JPEG,214,n02101006,0
219,data/imagenet-val/n02101006/ILSVRC2012_val_00015307.JPEG,214,n02101006,1
220,data/imagenet-val/n02101388/ILSVRC2012_val_00018787.JPEG,215,n02101388,0
221,data/imagenet-val/n02101388/ILSVRC2012_val_00023362.JPEG,215,n02101388,1
222,data/imagenet-val/n02101556/ILSVRC2012_val_00040291.JPEG,216,n02101556,0
223,data/imagenet-val/n02101556/ILSVRC2012_val_00003301.JPEG,216,n02101556,1
224,data/imagenet-val/n02102040/ILSVRC2012_val_00002294.JPEG,217,n02102040,0
225,data/imagenet-val/n02102040/ILSVRC2012_val_00032959.JPEG,217,n02102040,1
226,data/imagenet-val/n02102177/ILSVRC2012_val_00012288.JPEG,218,n02102177,0
227,data/imagenet-val/n02102177/ILSVRC2012_val_00006404.JPEG,218,n02102177,1
228,data/imagenet-val/n02102318/ILSVRC2012_val_00026152.JPEG,219,n02102318,0
229,data/imagenet-val/n02102318/ILSVRC2012_val_00001663.JPEG,219,n02102318,1
230,data/imagenet-val/n02102480/ILSVRC2012_val_00015205.JPEG,220,n02102480,0
231,data/imagenet-val/n02102480/ILSVRC2012_val_00048974.JPEG,220,n02102480,1
232,data/imagenet-val/n02104029/ILSVRC2012_val_00040856.JPEG,222,n02104029,0
233,data/imagenet-val/n02104029/ILSVRC2012_val_00049934.JPEG,222,n02104029,1
234,data/imagenet-val/n02104365/ILSVRC2012_val_00026956.JPEG,223,n02104365,0
235,data/imagenet-val/n02104365/ILSVRC2012_val_00030680.JPEG,223,n02104365,1
236,data/imagenet-val/n02105056/ILSVRC2012_val_00007183.JPEG,224,n02105056,0
237,data/imagenet-val/n02105056/ILSVRC2012_val_00038674.JPEG,224,n02105056,1
238,data/imagenet-val/n02105162/ILSVRC2012_val_00016658.JPEG,225,n02105162,0
239,data/imagenet-val/n02105162/ILSVRC2012_val_00004754.JPEG,225,n02105162,1
240,data/imagenet-val/n02105412/ILSVRC2012_val_00001781.JPEG,227,n02105412,0
241,data/imagenet-val/n02105412/ILSVRC2012_val_00000603.JPEG,227,n02105412,1
242,data/imagenet-val/n02105505/ILSVRC2012_val_00008939.JPEG,228,n02105505,0
243,data/imagenet-val/n02105505/ILSVRC2012_val_00024564.JPEG,228,n02105505,1
244,data/imagenet-val/n02105855/ILSVRC2012_val_00027579.JPEG,230,n02105855,0
245,data/imagenet-val/n02105855/ILSVRC2012_val_00021249.JPEG,230,n02105855,1
246,data/imagenet-val/n02106382/ILSVRC2012_val_00046672.JPEG,233,n02106382,0
247,data/imagenet-val/n02106382/ILSVRC2012_val_00007367.JPEG,233,n02106382,1
248,data/imagenet-val/n02106550/ILSVRC2012_val_00026214.JPEG,234,n02106550,0
249,data/imagenet-val/n02106550/ILSVRC2012_val_00010620.JPEG,234,n02106550,1
250,data/imagenet-val/n02106662/ILSVRC2012_val_00004563.JPEG,235,n02106662,0
251,data/imagenet-val/n02106662/ILSVRC2012_val_00011593.JPEG,235,n02106662,1
252,data/imagenet-val/n02107574/ILSVRC2012_val_00018178.JPEG,238,n02107574,0
253,data/imagenet-val/n02107574/ILSVRC2012_val_00023799.JPEG,238,n02107574,1
254,data/imagenet-val/n02107908/ILSVRC2012_val_00045080.JPEG,240,n02107908,0
255,data/imagenet-val/n02107908/ILSVRC2012_val_00002989.JPEG,240,n02107908,1
256,data/imagenet-val/n02108089/ILSVRC2012_val_00004449.JPEG,242,n02108089,0
257,data/imagenet-val/n02108089/ILSVRC2012_val_00016416.JPEG,242,n02108089,1
258,data/imagenet-val/n02108422/ILSVRC2012_val_00035569.JPEG,243,n02108422,0
259,data/imagenet-val/n02108422/ILSVRC2012_val_00014526.JPEG,243,n02108422,1
260,data/imagenet-val/n02108551/ILSVRC2012_val_00037388.JPEG,244,n02108551,0
261,data/imagenet-val/n02108551/ILSVRC2012_val_00007234.JPEG,244,n02108551,1
262,data/imagenet-val/n02108915/ILSVRC2012_val_00032262.JPEG,245,n02108915,0
263,data/imagenet-val/n02108915/ILSVRC2012_val_00002780.JPEG,245,n02108915,1
264,data/imagenet-val/n02109047/ILSVRC2012_val_00017636.JPEG,246,n02109047,0
265,data/imagenet-val/n02109047/ILSVRC2012_val_00033455.JPEG,246,n02109047,1
266,data/imagenet-val/n02109961/ILSVRC2012_val_00032304.JPEG,248,n02109961,0
267,data/imagenet-val/n02109961/ILSVRC2012_val_00021744.JPEG,248,n02109961,1
268,data/imagenet-val/n02110185/ILSVRC2012_val_00049291.JPEG,250,n02110185,0
269,data/imagenet-val/n02110185/ILSVRC2012_val_00007218.JPEG,250,n02110185,1
270,data/imagenet-val/n02110627/ILSVRC2012_val_00009985.JPEG,252,n02110627,0
271,data/imagenet-val/n02110627/ILSVRC2012_val_00003851.JPEG,252,n02110627,1
272,data/imagenet-val/n02110806/ILSVRC2012_val_00021214.JPEG,253,n02110806,0
273,data/imagenet-val/n02110806/ILSVRC2012_val_00046623.JPEG,253,n02110806,1
274,data/imagenet-val/n02110958/ILSVRC2012_val_00001646.JPEG,254,n02110958,0
275,data/imagenet-val/n02110958/ILSVRC2012_val_00014500.JPEG,254,n02110958,1
276,data/imagenet-val/n02111129/ILSVRC2012_val_00033449.JPEG,255,n02111129,0
277,data/imagenet-val/n02111129/ILSVRC2012_val_00022950.JPEG,255,n02111129,1
278,data/imagenet-val/n02111500/ILSVRC2012_val_00028742.JPEG,257,n02111500,0
279,data/imagenet-val/n02111500/ILSVRC2012_val_00037648.JPEG,257,n02111500,1
280,data/imagenet-val/n02113799/ILSVRC2012_val_00005936.JPEG,267,n02113799,0
281,data/imagenet-val/n02113799/ILSVRC2012_val_00021801.JPEG,267,n02113799,1
282,data/imagenet-val/n02113978/ILSVRC2012_val_00035604.JPEG,268,n02113978,0
283,data/imagenet-val/n02113978/ILSVRC2012_val_00003140.JPEG,268,n02113978,1
284,data/imagenet-val/n02114367/ILSVRC2012_val_00015625.JPEG,269,n02114367,0
285,data/imagenet-val/n02114367/ILSVRC2012_val_00046989.JPEG,269,n02114367,1
286,data/imagenet-val/n02114548/ILSVRC2012_val_00041513.JPEG,270,n02114548,0
287,data/imagenet-val/n02114548/ILSVRC2012_val_00006174.JPEG,270,n02114548,1
288,data/imagenet-val/n02114712/ILSVRC2012_val_00037617.JPEG,271,n02114712,0
289,data/imagenet-val/n02114712/ILSVRC2012_val_00012922.JPEG,271,n02114712,1
290,data/imagenet-val/n02115641/ILSVRC2012_val_00030055.JPEG,273,n02115641,0
291,data/imagenet-val/n02115641/ILSVRC2012_val_00042614.JPEG,273,n02115641,1
292,data/imagenet-val/n02115913/ILSVRC2012_val_00001487.JPEG,274,n02115913,0
293,data/imagenet-val/n02115913/ILSVRC2012_val_00001148.JPEG,274,n02115913,1
294,data/imagenet-val/n02117135/ILSVRC2012_val_00043660.JPEG,276,n02117135,0
295,data/imagenet-val/n02117135/ILSVRC2012_val_00041142.JPEG,276,n02117135,1
296,data/imagenet-val/n02119789/ILSVRC2012_val_00025957.JPEG,278,n02119789,0
297,data/imagenet-val/n02119789/ILSVRC2012_val_00030573.JPEG,278,n02119789,1
298,data/imagenet-val/n02123045/ILSVRC2012_val_00044027.JPEG,281,n02123045,0
299,data/imagenet-val/n02123045/ILSVRC2012_val_00009921.JPEG,281,n02123045,1
300,data/imagenet-val/n02123394/ILSVRC2012_val_00026830.JPEG,283,n02123394,0
301,data/imagenet-val/n02123394/ILSVRC2012_val_00003382.JPEG,283,n02123394,1
302,data/imagenet-val/n02123597/ILSVRC2012_val_00005466.JPEG,284,n02123597,0
303,data/imagenet-val/n02123597/ILSVRC2012_val_00035566.JPEG,284,n02123597,1
304,data/imagenet-val/n02124075/ILSVRC2012_val_00004612.JPEG,285,n02124075,0
305,data/imagenet-val/n02124075/ILSVRC2012_val_00028970.JPEG,285,n02124075,1
306,data/imagenet-val/n02128385/ILSVRC2012_val_00040100.JPEG,288,n02128385,0
307,data/imagenet-val/n02128385/ILSVRC2012_val_00006155.JPEG,288,n02128385,1
308,data/imagenet-val/n02129165/ILSVRC2012_val_00034589.JPEG,291,n02129165,0
309,data/imagenet-val/n02129165/ILSVRC2012_val_00023212.JPEG,291,n02129165,1
310,data/imagenet-val/n02129604/ILSVRC2012_val_00018437.JPEG,292,n02129604,0
311,data/imagenet-val/n02129604/ILSVRC2012_val_00035494.JPEG,292,n02129604,1
312,data/imagenet-val/n02134084/ILSVRC2012_val_00010742.JPEG,296,n02134084,0
313,data/imagenet-val/n02134084/ILSVRC2012_val_00029624.JPEG,296,n02134084,1
314,data/imagenet-val/n02165105/ILSVRC2012_val_00005482.JPEG,300,n02165105,0
315,data/imagenet-val/n02165105/ILSVRC2012_val_00013552.JPEG,300,n02165105,1
316,data/imagenet-val/n02168699/ILSVRC2012_val_00048676.JPEG,303,n02168699,0
317,data/imagenet-val/n02168699/ILSVRC2012_val_00018022.JPEG,303,n02168699,1
318,data/imagenet-val/n02172182/ILSVRC2012_val_00019838.JPEG,305,n02172182,0
319,data/imagenet-val/n02172182/ILSVRC2012_val_00037889.JPEG,305,n02172182,1
320,data/imagenet-val/n02174001/ILSVRC2012_val_00023013.JPEG,306,n02174001,0
321,data/imagenet-val/n02174001/ILSVRC2012_val_00049168.JPEG,306,n02174001,1
322,data/imagenet-val/n02177972/ILSVRC2012_val_00025754.JPEG,307,n02177972,0
323,data/imagenet-val/n02177972/ILSVRC2012_val_00030795.JPEG,307,n02177972,1
324,data/imagenet-val/n02206856/ILSVRC2012_val_00042015.JPEG,309,n02206856,0
325,data/imagenet-val/n02206856/ILSVRC2012_val_00037491.JPEG,309,n02206856,1
326,data/imagenet-val/n02229544/ILSVRC2012_val_00015068.JPEG,312,n02229544,0
327,data/imagenet-val/n02229544/ILSVRC2012_val_00015021.JPEG,312,n02229544,1
328,data/imagenet-val/n02233338/ILSVRC2012_val_00038519.JPEG,314,n02233338,0
329,data/imagenet-val/n02233338/ILSVRC2012_val_00002007.JPEG,314,n02233338,1
330,data/imagenet-val/n02236044/ILSVRC2012_val_00011079.JPEG,315,n02236044,0
331,data/imagenet-val/n02236044/ILSVRC2012_val_00021072.JPEG,315,n02236044,1
332,data/imagenet-val/n02268443/ILSVRC2012_val_00044603.JPEG,319,n02268443,0
333,data/imagenet-val/n02268443/ILSVRC2012_val_00010150.JPEG,319,n02268443,1
334,data/imagenet-val/n02276258/ILSVRC2012_val_00049499.JPEG,321,n02276258,0
335,data/imagenet-val/n02276258/ILSVRC2012_val_00010777.JPEG,321,n02276258,1
336,data/imagenet-val/n02277742/ILSVRC2012_val_00000810.JPEG,322,n02277742,0
337,data/imagenet-val/n02277742/ILSVRC2012_val_00006514.JPEG,322,n02277742,1
338,data/imagenet-val/n02279972/ILSVRC2012_val_00046412.JPEG,323,n02279972,0
339,data/imagenet-val/n02279972/ILSVRC2012_val_00019145.JPEG,323,n02279972,1
340,data/imagenet-val/n02326432/ILSVRC2012_val_00001217.JPEG,331,n02326432,0
341,data/imagenet-val/n02326432/ILSVRC2012_val_00005118.JPEG,331,n02326432,1
342,data/imagenet-val/n02328150/ILSVRC2012_val_00018640.JPEG,332,n02328150,0
343,data/imagenet-val/n02328150/ILSVRC2012_val_00010148.JPEG,332,n02328150,1
344,data/imagenet-val/n02363005/ILSVRC2012_val_00003248.JPEG,337,n02363005,0
345,data/imagenet-val/n02363005/ILSVRC2012_val_00012619.JPEG,337,n02363005,1
346,data/imagenet-val/n02364673/ILSVRC2012_val_00006354.JPEG,338,n02364673,0
347,data/imagenet-val/n02364673/ILSVRC2012_val_00022152.JPEG,338,n02364673,1
348,data/imagenet-val/n02391049/ILSVRC2012_val_00002996.JPEG,340,n02391049,0
349,data/imagenet-val/n02391049/ILSVRC2012_val_00017212.JPEG,340,n02391049,1
350,data/imagenet-val/n02395406/ILSVRC2012_val_00029653.JPEG,341,n02395406,0
351,data/imagenet-val/n02395406/ILSVRC2012_val_00022191.JPEG,341,n02395406,1
352,data/imagenet-val/n02398521/ILSVRC2012_val_00036081.JPEG,344,n02398521,0
353,data/imagenet-val/n02398521/ILSVRC2012_val_00022573.JPEG,344,n02398521,1
354,data/imagenet-val/n02408429/ILSVRC2012_val_00015254.JPEG,346,n02408429,0
355,data/imagenet-val/n02408429/ILSVRC2012_val_00014354.JPEG,346,n02408429,1
356,data/imagenet-val/n02410509/ILSVRC2012_val_00043684.JPEG,347,n02410509,0
357,data/imagenet-val/n02410509/ILSVRC2012_val_00041565.JPEG,347,n02410509,1
358,data/imagenet-val/n02412080/ILSVRC2012_val_00040492.JPEG,348,n02412080,0
359,data/imagenet-val/n02412080/ILSVRC2012_val_00041048.JPEG,348,n02412080,1
360,data/imagenet-val/n02422106/ILSVRC2012_val_00020942.JPEG,351,n02422106,0
361,data/imagenet-val/n02422106/ILSVRC2012_val_00018252.JPEG,351,n02422106,1
362,data/imagenet-val/n02422699/ILSVRC2012_val_00015081.JPEG,352,n02422699,0
363,data/imagenet-val/n02422699/ILSVRC2012_val_00024665.JPEG,352,n02422699,1
364,data/imagenet-val/n02442845/ILSVRC2012_val_00002454.JPEG,357,n02442845,0
365,data/imagenet-val/n02442845/ILSVRC2012_val_00014833.JPEG,357,n02442845,1
366,data/imagenet-val/n02443114/ILSVRC2012_val_00015211.JPEG,358,n02443114,0
367,data/imagenet-val/n02443114/ILSVRC2012_val_00032317.JPEG,358,n02443114,1
368,data/imagenet-val/n02447366/ILSVRC2012_val_00005155.JPEG,362,n02447366,0
369,data/imagenet-val/n02447366/ILSVRC2012_val_00023870.JPEG,362,n02447366,1
370,data/imagenet-val/n02454379/ILSVRC2012_val_00004762.JPEG,363,n02454379,0
371,data/imagenet-val/n02454379/ILSVRC2012_val_00011755.JPEG,363,n02454379,1
372,data/imagenet-val/n02480855/ILSVRC2012_val_00042839.JPEG,366,n02480855,0
373,data/imagenet-val/n02480855/ILSVRC2012_val_00028049.JPEG,366,n02480855,1
374,data/imagenet-val/n02481823/ILSVRC2012_val_00034215.JPEG,367,n02481823,0
375,data/imagenet-val/n02481823/ILSVRC2012_val_00037790.JPEG,367,n02481823,1
376,data/imagenet-val/n02484975/ILSVRC2012_val_00009846.JPEG,370,n02484975,0
377,data/imagenet-val/n02484975/ILSVRC2012_val_00045413.JPEG,370,n02484975,1
378,data/imagenet-val/n02486261/ILSVRC2012_val_00048388.JPEG,371,n02486261,0
379,data/imagenet-val/n02486261/ILSVRC2012_val_00037467.JPEG,371,n02486261,1
380,data/imagenet-val/n02487347/ILSVRC2012_val_00048855.JPEG,373,n02487347,0
381,data/imagenet-val/n02487347/ILSVRC2012_val_00024926.JPEG,373,n02487347,1
382,data/imagenet-val/n02492035/ILSVRC2012_val_00004190.JPEG,378,n02492035,0
383,data/imagenet-val/n02492035/ILSVRC2012_val_00041046.JPEG,378,n02492035,1
384,data/imagenet-val/n02492660/ILSVRC2012_val_00043331.JPEG,379,n02492660,0
385,data/imagenet-val/n02492660/ILSVRC2012_val_00041501.JPEG,379,n02492660,1
386,data/imagenet-val/n02494079/ILSVRC2012_val_00033928.JPEG,382,n02494079,0
387,data/imagenet-val/n02494079/ILSVRC2012_val_00030313.JPEG,382,n02494079,1
388,data/imagenet-val/n02509815/ILSVRC2012_val_00032541.JPEG,387,n02509815,0
389,data/imagenet-val/n02509815/ILSVRC2012_val_00008868.JPEG,387,n02509815,1
390,data/imagenet-val/n02510455/ILSVRC2012_val_00017598.JPEG,388,n02510455,0
391,data/imagenet-val/n02510455/ILSVRC2012_val_00042190.JPEG,388,n02510455,1
392,data/imagenet-val/n02514041/ILSVRC2012_val_00020803.JPEG,389,n02514041,0
393,data/imagenet-val/n02514041/ILSVRC2012_val_00048764.JPEG,389,n02514041,1
394,data/imagenet-val/n02526121/ILSVRC2012_val_00037146.JPEG,390,n02526121,0
395,data/imagenet-val/n02526121/ILSVRC2012_val_00041211.JPEG,390,n02526121,1
396,data/imagenet-val/n02536864/ILSVRC2012_val_00015546.JPEG,391,n02536864,0
397,data/imagenet-val/n02536864/ILSVRC2012_val_00048832.JPEG,391,n02536864,1
398,data/imagenet-val/n02640242/ILSVRC2012_val_00021895.JPEG,394,n02640242,0
399,data/imagenet-val/n02640242/ILSVRC2012_val_00031255.JPEG,394,n02640242,1
400,data/imagenet-val/n02667093/ILSVRC2012_val_00009218.JPEG,399,n02667093,0
401,data/imagenet-val/n02667093/ILSVRC2012_val_00026236.JPEG,399,n02667093,1
402,data/imagenet-val/n02692877/ILSVRC2012_val_00025654.JPEG,405,n02692877,0
403,data/imagenet-val/n02692877/ILSVRC2012_val_00043024.JPEG,405,n02692877,1
404,data/imagenet-val/n02701002/ILSVRC2012_val_00017171.JPEG,407,n02701002,0
405,data/imagenet-val/n02701002/ILSVRC2012_val_00018395.JPEG,407,n02701002,1
406,data/imagenet-val/n02704792/ILSVRC2012_val_00006872.JPEG,408,n02704792,0
407,data/imagenet-val/n02704792/ILSVRC2012_val_00028979.JPEG,408,n02704792,1
408,data/imagenet-val/n02727426/ILSVRC2012_val_00019772.JPEG,410,n02727426,0
409,data/imagenet-val/n02727426/ILSVRC2012_val_00020200.JPEG,410,n02727426,1
410,data/imagenet-val/n02747177/ILSVRC2012_val_00021981.JPEG,412,n02747177,0
411,data/imagenet-val/n02747177/ILSVRC2012_val_00039919.JPEG,412,n02747177,1
412,data/imagenet-val/n02749479/ILSVRC2012_val_00044665.JPEG,413,n02749479,0
413,data/imagenet-val/n02749479/ILSVRC2012_val_00000790.JPEG,413,n02749479,1
414,data/imagenet-val/n02777292/ILSVRC2012_val_00007181.JPEG,416,n02777292,0
415,data/imagenet-val/n02777292/ILSVRC2012_val_00036717.JPEG,416,n02777292,1
416,data/imagenet-val/n02787622/ILSVRC2012_val_00039991.JPEG,420,n02787622,0
417,data/imagenet-val/n02787622/ILSVRC2012_val_00046266.JPEG,420,n02787622,1
418,data/imagenet-val/n02788148/ILSVRC2012_val_00011307.JPEG,421,n02788148,0
419,data/imagenet-val/n02788148/ILSVRC2012_val_00027440.JPEG,421,n02788148,1
420,data/imagenet-val/n02790996/ILSVRC2012_val_00016261.JPEG,422,n02790996,0
421,data/imagenet-val/n02790996/ILSVRC2012_val_00012099.JPEG,422,n02790996,1
422,data/imagenet-val/n02799071/ILSVRC2012_val_00043962.JPEG,429,n02799071,0
423,data/imagenet-val/n02799071/ILSVRC2012_val_00007308.JPEG,429,n02799071,1
424,data/imagenet-val/n02804610/ILSVRC2012_val_00003370.JPEG,432,n02804610,0
425,data/imagenet-val/n02804610/ILSVRC2012_val_00002552.JPEG,432,n02804610,1
426,data/imagenet-val/n02807133/ILSVRC2012_val_00005145.JPEG,433,n02807133,0
427,data/imagenet-val/n02807133/ILSVRC2012_val_00001013.JPEG,433,n02807133,1
428,data/imagenet-val/n02814860/ILSVRC2012_val_00028727.JPEG,437,n02814860,0
429,data/imagenet-val/n02814860/ILSVRC2012_val_00036801.JPEG,437,n02814860,1
430,data/imagenet-val/n02815834/ILSVRC2012_val_00027345.JPEG,438,n02815834,0
431,data/imagenet-val/n02815834/ILSVRC2012_val_00037928.JPEG,438,n02815834,1
432,data/imagenet-val/n02823428/ILSVRC2012_val_00035507.JPEG,440,n02823428,0
433,data/imagenet-val/n02823428/ILSVRC2012_val_00038570.JPEG,440,n02823428,1
434,data/imagenet-val/n02823750/ILSVRC2012_val_00032422.JPEG,441,n02823750,0
435,data/imagenet-val/n02823750/ILSVRC2012_val_00042562.JPEG,441,n02823750,1
436,data/imagenet-val/n02837789/ILSVRC2012_val_00032841.JPEG,445,n02837789,0
437,data/imagenet-val/n02837789/ILSVRC2012_val_00020662.JPEG,445,n02837789,1
438,data/imagenet-val/n02840245/ILSVRC2012_val_00008578.JPEG,446,n02840245,0
439,data/imagenet-val/n02840245/ILSVRC2012_val_00034050.JPEG,446,n02840245,1
440,data/imagenet-val/n02843684/ILSVRC2012_val_00041742.JPEG,448,n02843684,0
441,data/imagenet-val/n02843684/ILSVRC2012_val_00025965.JPEG,448,n02843684,1
442,data/imagenet-val/n02869837/ILSVRC2012_val_00040107.JPEG,452,n02869837,0
443,data/imagenet-val/n02869837/ILSVRC2012_val_00038441.JPEG,452,n02869837,1
444,data/imagenet-val/n02870880/ILSVRC2012_val_00042919.JPEG,453,n02870880,0
445,data/imagenet-val/n02870880/ILSVRC2012_val_00011964.JPEG,453,n02870880,1
446,data/imagenet-val/n02892767/ILSVRC2012_val_00040863.JPEG,459,n02892767,0
447,data/imagenet-val/n02892767/ILSVRC2012_val_00021377.JPEG,459,n02892767,1
448,data/imagenet-val/n02906734/ILSVRC2012_val_00032789.JPEG,462,n02906734,0
449,data/imagenet-val/n02906734/ILSVRC2012_val_00040599.JPEG,462,n02906734,1
450,data/imagenet-val/n02910353/ILSVRC2012_val_00049456.JPEG,464,n02910353,0
451,data/imagenet-val/n02910353/ILSVRC2012_val_00032039.JPEG,464,n02910353,1
452,data/imagenet-val/n02916936/ILSVRC2012_val_00027911.JPEG,465,n02916936,0
453,data/imagenet-val/n02916936/ILSVRC2012_val_00040683.JPEG,465,n02916936,1
454,data/imagenet-val/n02930766/ILSVRC2012_val_00041873.JPEG,468,n02930766,0
455,data/imagenet-val/n02930766/ILSVRC2012_val_00035018.JPEG,468,n02930766,1
456,data/imagenet-val/n02939185/ILSVRC2012_val_00006370.JPEG,469,n02939185,0
457,data/imagenet-val/n02939185/ILSVRC2012_val_00031234.JPEG,469,n02939185,1
458,data/imagenet-val/n02948072/ILSVRC2012_val_00003486.JPEG,470,n02948072,0
459,data/imagenet-val/n02948072/ILSVRC2012_val_00026055.JPEG,470,n02948072,1
460,data/imagenet-val/n02950826/ILSVRC2012_val_00000596.JPEG,471,n02950826,0
461,data/imagenet-val/n02950826/ILSVRC2012_val_00012063.JPEG,471,n02950826,1
462,data/imagenet-val/n02951585/ILSVRC2012_val_00009761.JPEG,473,n02951585,0
463,data/imagenet-val/n02951585/ILSVRC2012_val_00018165.JPEG,473,n02951585,1
464,data/imagenet-val/n02971356/ILSVRC2012_val_00000019.JPEG,478,n02971356,0
465,data/imagenet-val/n02971356/ILSVRC2012_val_00003926.JPEG,478,n02971356,1
466,data/imagenet-val/n02974003/ILSVRC2012_val_00003234.JPEG,479,n02974003,0
467,data/imagenet-val/n02974003/ILSVRC2012_val_00000085.JPEG,479,n02974003,1
468,data/imagenet-val/n02978881/ILSVRC2012_val_00044199.JPEG,481,n02978881,0
469,data/imagenet-val/n02978881/ILSVRC2012_val_00017819.JPEG,481,n02978881,1
470,data/imagenet-val/n02981792/ILSVRC2012_val_00009517.JPEG,484,n02981792,0
471,data/imagenet-val/n02981792/ILSVRC2012_val_00012592.JPEG,484,n02981792,1
472,data/imagenet-val/n02992211/ILSVRC2012_val_00003715.JPEG,486,n02992211,0
473,data/imagenet-val/n02992211/ILSVRC2012_val_00036541.JPEG,486,n02992211,1
474,data/imagenet-val/n02999410/ILSVRC2012_val_00018148.JPEG,488,n02999410,0
475,data/imagenet-val/n02999410/ILSVRC2012_val_00009078.JPEG,488,n02999410,1
476,data/imagenet-val/n03014705/ILSVRC2012_val_00023245.JPEG,492,n03014705,0
477,data/imagenet-val/n03014705/ILSVRC2012_val_00038148.JPEG,492,n03014705,1
478,data/imagenet-val/n03028079/ILSVRC2012_val_00017198.JPEG,497,n03028079,0
479,data/imagenet-val/n03028079/ILSVRC2012_val_00015155.JPEG,497,n03028079,1
480,data/imagenet-val/n03032252/ILSVRC2012_val_00037675.JPEG,498,n03032252,0
481,data/imagenet-val/n03032252/ILSVRC2012_val_00040840.JPEG,498,n03032252,1
482,data/imagenet-val/n03042490/ILSVRC2012_val_00027258.JPEG,500,n03042490,0
483,data/imagenet-val/n03042490/ILSVRC2012_val_00008040.JPEG,500,n03042490,1
484,data/imagenet-val/n03063689/ILSVRC2012_val_00002078.JPEG,505,n03063689,0
485,data/imagenet-val/n03063689/ILSVRC2012_val_00008304.JPEG,505,n03063689,1
486,data/imagenet-val/n03100240/ILSVRC2012_val_00026398.JPEG,511,n03100240,0
487,data/imagenet-val/n03100240/ILSVRC2012_val_00004387.JPEG,511,n03100240,1
488,data/imagenet-val/n03109150/ILSVRC2012_val_00032588.JPEG,512,n03109150,0
489,data/imagenet-val/n03109150/ILSVRC2012_val_00020055.JPEG,512,n03109150,1
490,data/imagenet-val/n03124043/ILSVRC2012_val_00044146.JPEG,514,n03124043,0
491,data/imagenet-val/n03124043/ILSVRC2012_val_00034264.JPEG,514,n03124043,1
492,data/imagenet-val/n03126707/ILSVRC2012_val_00000020.JPEG,517,n03126707,0
493,data/imagenet-val/n03126707/ILSVRC2012_val_00044019.JPEG,517,n03126707,1
494,data/imagenet-val/n03127747/ILSVRC2012_val_00047689.JPEG,518,n03127747,0
495,data/imagenet-val/n03127747/ILSVRC2012_val_00040988.JPEG,518,n03127747,1
496,data/imagenet-val/n03127925/ILSVRC2012_val_00028240.JPEG,519,n03127925,0
497,data/imagenet-val/n03127925/ILSVRC2012_val_00027441.JPEG,519,n03127925,1
498,data/imagenet-val/n03131574/ILSVRC2012_val_00045719.JPEG,520,n03131574,0
499,data/imagenet-val/n03131574/ILSVRC2012_val_00025653.JPEG,520,n03131574,1
500,data/imagenet-val/n03133878/ILSVRC2012_val_00032279.JPEG,521,n03133878,0
501,data/imagenet-val/n03133878/ILSVRC2012_val_00045308.JPEG,521,n03133878,1
502,data/imagenet-val/n03179701/ILSVRC2012_val_00006665.JPEG,526,n03179701,0
503,data/imagenet-val/n03179701/ILSVRC2012_val_00003559.JPEG,526,n03179701,1
504,data/imagenet-val/n03188531/ILSVRC2012_val_00010735.JPEG,529,n03188531,0
505,data/imagenet-val/n03188531/ILSVRC2012_val_00015180.JPEG,529,n03188531,1
506,data/imagenet-val/n03208938/ILSVRC2012_val_00023894.JPEG,535,n03208938,0
507,data/imagenet-val/n03208938/ILSVRC2012_val_00019852.JPEG,535,n03208938,1
508,data/imagenet-val/n03240683/ILSVRC2012_val_00011582.JPEG,540,n03240683,0
509,data/imagenet-val/n03240683/ILSVRC2012_val_00044840.JPEG,540,n03240683,1
510,data/imagenet-val/n03249569/ILSVRC2012_val_00028166.JPEG,541,n03249569,0
511,data/imagenet-val/n03249569/ILSVRC2012_val_00005690.JPEG,541,n03249569,1
512,data/imagenet-val/n03255030/ILSVRC2012_val_00004025.JPEG,543,n03255030,0
513,data/imagenet-val/n03255030/ILSVRC2012_val_00005501.JPEG,543,n03255030,1
514,data/imagenet-val/n03271574/ILSVRC2012_val_00045715.JPEG,545,n03271574,0
515,data/imagenet-val/n03271574/ILSVRC2012_val_00049117.JPEG,545,n03271574,1
516,data/imagenet-val/n03272010/ILSVRC2012_val_00045682.JPEG,546,n03272010,0
517,data/imagenet-val/n03272010/ILSVRC2012_val_00021013.JPEG,546,n03272010,1
518,data/imagenet-val/n03291819/ILSVRC2012_val_00035328.JPEG,549,n03291819,0
519,data/imagenet-val/n03291819/ILSVRC2012_val_00026226.JPEG,549,n03291819,1
520,data/imagenet-val/n03297495/ILSVRC2012_val_00004741.JPEG,550,n03297495,0
521,data/imagenet-val/n03297495/ILSVRC2012_val_00021057.JPEG,550,n03297495,1
522,data/imagenet-val/n03314780/ILSVRC2012_val_00021313.JPEG,551,n03314780,0
523,data/imagenet-val/n03314780/ILSVRC2012_val_00024069.JPEG,551,n03314780,1
524,data/imagenet-val/n03325584/ILSVRC2012_val_00007855.JPEG,552,n03325584,0
525,data/imagenet-val/n03325584/ILSVRC2012_val_00031047.JPEG,552,n03325584,1
526,data/imagenet-val/n03337140/ILSVRC2012_val_00022144.JPEG,553,n03337140,0
527,data/imagenet-val/n03337140/ILSVRC2012_val_00042663.JPEG,553,n03337140,1
528,data/imagenet-val/n03345487/ILSVRC2012_val_00008012.JPEG,555,n03345487,0
529,data/imagenet-val/n03345487/ILSVRC2012_val_00008767.JPEG,555,n03345487,1
530,data/imagenet-val/n03347037/ILSVRC2012_val_00002272.JPEG,556,n03347037,0
531,data/imagenet-val/n03347037/ILSVRC2012_val_00041368.JPEG,556,n03347037,1
532,data/imagenet-val/n03372029/ILSVRC2012_val_00012964.JPEG,558,n03372029,0
533,data/imagenet-val/n03372029/ILSVRC2012_val_00018133.JPEG,558,n03372029,1
534,data/imagenet-val/n03388043/ILSVRC2012_val_00005961.JPEG,562,n03388043,0
535,data/imagenet-val/n03388043/ILSVRC2012_val_00014516.JPEG,562,n03388043,1
536,data/imagenet-val/n03388183/ILSVRC2012_val_00008628.JPEG,563,n03388183,0
537,data/imagenet-val/n03388183/ILSVRC2012_val_00034555.JPEG,563,n03388183,1
538,data/imagenet-val/n03393912/ILSVRC2012_val_00043311.JPEG,565,n03393912,0
539,data/imagenet-val/n03393912/ILSVRC2012_val_00003909.JPEG,565,n03393912,1
540,data/imagenet-val/n03394916/ILSVRC2012_val_00007155.JPEG,566,n03394916,0
541,data/imagenet-val/n03394916/ILSVRC2012_val_00043278.JPEG,566,n03394916,1
542,data/imagenet-val/n03400231/ILSVRC2012_val_00042145.JPEG,567,n03400231,0
543,data/imagenet-val/n03400231/ILSVRC2012_val_00037961.JPEG,567,n03400231,1
544,data/imagenet-val/n03417042/ILSVRC2012_val_00034078.JPEG,569,n03417042,0
545,data/imagenet-val/n03417042/ILSVRC2012_val_00025379.JPEG,569,n03417042,1
546,data/imagenet-val/n03424325/ILSVRC2012_val_00011486.JPEG,570,n03424325,0
547,data/imagenet-val/n03424325/ILSVRC2012_val_00009791.JPEG,570,n03424325,1
548,data/imagenet-val/n03445777/ILSVRC2012_val_00003793.JPEG,574,n03445777,0
549,data/imagenet-val/n03445777/ILSVRC2012_val_00042350.JPEG,574,n03445777,1
550,data/imagenet-val/n03447447/ILSVRC2012_val_00027865.JPEG,576,n03447447,0
551,data/imagenet-val/n03447447/ILSVRC2012_val_00042282.JPEG,576,n03447447,1
552,data/imagenet-val/n03450230/ILSVRC2012_val_00012228.JPEG,578,n03450230,0
553,data/imagenet-val/n03450230/ILSVRC2012_val_00024900.JPEG,578,n03450230,1
554,data/imagenet-val/n03457902/ILSVRC2012_val_00013946.JPEG,580,n03457902,0
555,data/imagenet-val/n03457902/ILSVRC2012_val_00002474.JPEG,580,n03457902,1
556,data/imagenet-val/n03467068/ILSVRC2012_val_00021434.JPEG,583,n03467068,0
557,data/imagenet-val/n03467068/ILSVRC2012_val_00015630.JPEG,583,n03467068,1
558,data/imagenet-val/n03476684/ILSVRC2012_val_00020105.JPEG,584,n03476684,0
559,data/imagenet-val/n03476684/ILSVRC2012_val_00048911.JPEG,584,n03476684,1
560,data/imagenet-val/n03482405/ILSVRC2012_val_00034331.JPEG,588,n03482405,0
561,data/imagenet-val/n03482405/ILSVRC2012_val_00010442.JPEG,588,n03482405,1
562,data/imagenet-val/n03485407/ILSVRC2012_val_00022639.JPEG,590,n03485407,0
563,data/imagenet-val/n03485407/ILSVRC2012_val_00014632.JPEG,590,n03485407,1
564,data/imagenet-val/n03485794/ILSVRC2012_val_00000741.JPEG,591,n03485794,0
565,data/imagenet-val/n03485794/ILSVRC2012_val_00022523.JPEG,591,n03485794,1
566,data/imagenet-val/n03492542/ILSVRC2012_val_00006648.JPEG,592,n03492542,0
567,data/imagenet-val/n03492542/ILSVRC2012_val_00012595.JPEG,592,n03492542,1
568,data/imagenet-val/n03494278/ILSVRC2012_val_00021005.JPEG,593,n03494278,0
569,data/imagenet-val/n03494278/ILSVRC2012_val_00048826.JPEG,593,n03494278,1
570,data/imagenet-val/n03527444/ILSVRC2012_val_00046409.JPEG,597,n03527444,0
571,data/imagenet-val/n03527444/ILSVRC2012_val_00042563.JPEG,597,n03527444,1
572,data/imagenet-val/n03529860/ILSVRC2012_val_00000410.JPEG,598,n03529860,0
573,data/imagenet-val/n03529860/ILSVRC2012_val_00037976.JPEG,598,n03529860,1
574,data/imagenet-val/n03530642/ILSVRC2012_val_00030350.JPEG,599,n03530642,0
575,data/imagenet-val/n03530642/ILSVRC2012_val_00001784.JPEG,599,n03530642,1
576,data/imagenet-val/n03534580/ILSVRC2012_val_00031122.JPEG,601,n03534580,0
577,data/imagenet-val/n03534580/ILSVRC2012_val_00021123.JPEG,601,n03534580,1
578,data/imagenet-val/n03535780/ILSVRC2012_val_00032704.JPEG,602,n03535780,0
579,data/imagenet-val/n03535780/ILSVRC2012_val_00025020.JPEG,602,n03535780,1
580,data/imagenet-val/n03538406/ILSVRC2012_val_00014022.JPEG,603,n03538406,0
581,data/imagenet-val/n03538406/ILSVRC2012_val_00042040.JPEG,603,n03538406,1
582,data/imagenet-val/n03544143/ILSVRC2012_val_00034522.JPEG,604,n03544143,0
583,data/imagenet-val/n03544143/ILSVRC2012_val_00035185.JPEG,604,n03544143,1
584,data/imagenet-val/n03594734/ILSVRC2012_val_00021119.JPEG,608,n03594734,0
585,data/imagenet-val/n03594734/ILSVRC2012_val_00044132.JPEG,608,n03594734,1
586,data/imagenet-val/n03594945/ILSVRC2012_val_00004439.JPEG,609,n03594945,0
587,data/imagenet-val/n03594945/ILSVRC2012_val_00028405.JPEG,609,n03594945,1
588,data/imagenet-val/n03595614/ILSVRC2012_val_00005596.JPEG,610,n03595614,0
589,data/imagenet-val/n03595614/ILSVRC2012_val_00019855.JPEG,610,n03595614,1
590,data/imagenet-val/n03602883/ILSVRC2012_val_00002195.JPEG,613,n03602883,0
591,data/imagenet-val/n03602883/ILSVRC2012_val_00013421.JPEG,613,n03602883,1
592,data/imagenet-val/n03627232/ILSVRC2012_val_00012368.JPEG,616,n03627232,0
593,data/imagenet-val/n03627232/ILSVRC2012_val_00020947.JPEG,616,n03627232,1
594,data/imagenet-val/n03633091/ILSVRC2012_val_00002347.JPEG,618,n03633091,0
595,data/imagenet-val/n03633091/ILSVRC2012_val_00045311.JPEG,618,n03633091,1
596,data/imagenet-val/n03637318/ILSVRC2012_val_00012801.JPEG,619,n03637318,0
597,data/imagenet-val/n03637318/ILSVRC2012_val_00026568.JPEG,619,n03637318,1
598,data/imagenet-val/n03642806/ILSVRC2012_val_00038104.JPEG,620,n03642806,0
599,data/imagenet-val/n03642806/ILSVRC2012_val_00005275.JPEG,620,n03642806,1
600,data/imagenet-val/n03649909/ILSVRC2012_val_00043398.JPEG,621,n03649909,0
601,data/imagenet-val/n03649909/ILSVRC2012_val_00038723.JPEG,621,n03649909,1
602,data/imagenet-val/n03658185/ILSVRC2012_val_00038605.JPEG,623,n03658185,0
603,data/imagenet-val/n03658185/ILSVRC2012_val_00043036.JPEG,623,n03658185,1
604,data/imagenet-val/n03676483/ILSVRC2012_val_00038693.JPEG,629,n03676483,0
605,data/imagenet-val/n03676483/ILSVRC2012_val_00004742.JPEG,629,n03676483,1
606,data/imagenet-val/n03692522/ILSVRC2012_val_00021030.JPEG,633,n03692522,0
607,data/imagenet-val/n03692522/ILSVRC2012_val_00029897.JPEG,633,n03692522,1
608,data/imagenet-val/n03697007/ILSVRC2012_val_00001874.JPEG,634,n03697007,0
609,data/imagenet-val/n03697007/ILSVRC2012_val_00042463.JPEG,634,n03697007,1
610,data/imagenet-val/n03709823/ILSVRC2012_val_00005195.JPEG,636,n03709823,0
611,data/imagenet-val/n03709823/ILSVRC2012_val_00022435.JPEG,636,n03709823,1
612,data/imagenet-val/n03717622/ILSVRC2012_val_00034196.JPEG,640,n03717622,0
613,data/imagenet-val/n03717622/ILSVRC2012_val_00017701.JPEG,640,n03717622,1
614,data/imagenet-val/n03720891/ILSVRC2012_val_00024420.JPEG,641,n03720891,0
615,data/imagenet-val/n03720891/ILSVRC2012_val_00049699.JPEG,641,n03720891,1
616,data/imagenet-val/n03721384/ILSVRC2012_val_00023191.JPEG,642,n03721384,0
617,data/imagenet-val/n03721384/ILSVRC2012_val_00043262.JPEG,642,n03721384,1
618,data/imagenet-val/n03724870/ILSVRC2012_val_00017958.JPEG,643,n03724870,0
619,data/imagenet-val/n03724870/ILSVRC2012_val_00003083.JPEG,643,n03724870,1
620,data/imagenet-val/n03733281/ILSVRC2012_val_00046738.JPEG,646,n03733281,0
621,data/imagenet-val/n03733281/ILSVRC2012_val_00020188.JPEG,646,n03733281,1
622,data/imagenet-val/n03743016/ILSVRC2012_val_00043128.JPEG,649,n03743016,0
623,data/imagenet-val/n03743016/ILSVRC2012_val_00012483.JPEG,649,n03743016,1
624,data/imagenet-val/n03759954/ILSVRC2012_val_00002240.JPEG,650,n03759954,0
625,data/imagenet-val/n03759954/ILSVRC2012_val_00045167.JPEG,650,n03759954,1
626,data/imagenet-val/n03761084/ILSVRC2012_val_00033830.JPEG,651,n03761084,0
627,data/imagenet-val/n03761084/ILSVRC2012_val_00020448.JPEG,651,n03761084,1
628,data/imagenet-val/n03763968/ILSVRC2012_val_00046359.JPEG,652,n03763968,0
629,data/imagenet-val/n03763968/ILSVRC2012_val_00031265.JPEG,652,n03763968,1
630,data/imagenet-val/n03769881/ILSVRC2012_val_00008195.JPEG,654,n03769881,0
631,data/imagenet-val/n03769881/ILSVRC2012_val_00012374.JPEG,654,n03769881,1
632,data/imagenet-val/n03770439/ILSVRC2012_val_00010375.JPEG,655,n03770439,0
633,data/imagenet-val/n03770439/ILSVRC2012_val_00034389.JPEG,655,n03770439,1
634,data/imagenet-val/n03770679/ILSVRC2012_val_00024170.JPEG,656,n03770679,0
635,data/imagenet-val/n03770679/ILSVRC2012_val_00032380.JPEG,656,n03770679,1
636,data/imagenet-val/n03775071/ILSVRC2012_val_00015921.JPEG,658,n03775071,0
637,data/imagenet-val/n03775071/ILSVRC2012_val_00016219.JPEG,658,n03775071,1
638,data/imagenet-val/n03775546/ILSVRC2012_val_00047849.JPEG,659,n03775546,0
639,data/imagenet-val/n03775546/ILSVRC2012_val_00022339.JPEG,659,n03775546,1
640,data/imagenet-val/n03777568/ILSVRC2012_val_00003977.JPEG,661,n03777568,0
641,data/imagenet-val/n03777568/ILSVRC2012_val_00022158.JPEG,661,n03777568,1
642,data/imagenet-val/n03777754/ILSVRC2012_val_00039683.JPEG,662,n03777754,0
643,data/imagenet-val/n03777754/ILSVRC2012_val_00026631.JPEG,662,n03777754,1
644,data/imagenet-val/n03781244/ILSVRC2012_val_00049565.JPEG,663,n03781244,0
645,data/imagenet-val/n03781244/ILSVRC2012_val_00017510.JPEG,663,n03781244,1
646,data/imagenet-val/n03785016/ILSVRC2012_val_00000853.JPEG,665,n03785016,0
647,data/imagenet-val/n03785016/ILSVRC2012_val_00038752.JPEG,665,n03785016,1
648,data/imagenet-val/n03787032/ILSVRC2012_val_00034131.JPEG,667,n03787032,0
649,data/imagenet-val/n03787032/ILSVRC2012_val_00044851.JPEG,667,n03787032,1
650,data/imagenet-val/n03788365/ILSVRC2012_val_00035222.JPEG,669,n03788365,0
651,data/imagenet-val/n03788365/ILSVRC2012_val_00028526.JPEG,669,n03788365,1
652,data/imagenet-val/n03792782/ILSVRC2012_val_00029396.JPEG,671,n03792782,0
653,data/imagenet-val/n03792782/ILSVRC2012_val_00042457.JPEG,671,n03792782,1
654,data/imagenet-val/n03792972/ILSVRC2012_val_00049648.JPEG,672,n03792972,0
655,data/imagenet-val/n03792972/ILSVRC2012_val_00013478.JPEG,672,n03792972,1
656,data/imagenet-val/n03794056/ILSVRC2012_val_00011238.JPEG,674,n03794056,0
657,data/imagenet-val/n03794056/ILSVRC2012_val_00030945.JPEG,674,n03794056,1
658,data/imagenet-val/n03796401/ILSVRC2012_val_00015393.JPEG,675,n03796401,0
659,data/imagenet-val/n03796401/ILSVRC2012_val_00042924.JPEG,675,n03796401,1
660,data/imagenet-val/n03803284/ILSVRC2012_val_00018103.JPEG,676,n03803284,0
661,data/imagenet-val/n03803284/ILSVRC2012_val_00049829.JPEG,676,n03803284,1
662,data/imagenet-val/n03804744/ILSVRC2012_val_00016760.JPEG,677,n03804744,0
663,data/imagenet-val/n03804744/ILSVRC2012_val_00043676.JPEG,677,n03804744,1
664,data/imagenet-val/n03840681/ILSVRC2012_val_00014785.JPEG,684,n03840681,0
665,data/imagenet-val/n03840681/ILSVRC2012_val_00048063.JPEG,684,n03840681,1
666,data/imagenet-val/n03841143/ILSVRC2012_val_00029988.JPEG,685,n03841143,0
667,data/imagenet-val/n03841143/ILSVRC2012_val_00010165.JPEG,685,n03841143,1
668,data/imagenet-val/n03843555/ILSVRC2012_val_00001974.JPEG,686,n03843555,0
669,data/imagenet-val/n03843555/ILSVRC2012_val_00031087.JPEG,686,n03843555,1
670,data/imagenet-val/n03854065/ILSVRC2012_val_00043721.JPEG,687,n03854065,0
671,data/imagenet-val/n03854065/ILSVRC2012_val_00018163.JPEG,687,n03854065,1
672,data/imagenet-val/n03866082/ILSVRC2012_val_00044123.JPEG,689,n03866082,0
673,data/imagenet-val/n03866082/ILSVRC2012_val_00003554.JPEG,689,n03866082,1
674,data/imagenet-val/n03868863/ILSVRC2012_val_00025765.JPEG,691,n03868863,0
675,data/imagenet-val/n03868863/ILSVRC2012_val_00036829.JPEG,691,n03868863,1
676,data/imagenet-val/n03871628/ILSVRC2012_val_00046027.JPEG,692,n03871628,0
677,data/imagenet-val/n03871628/ILSVRC2012_val_00018251.JPEG,692,n03871628,1
678,data/imagenet-val/n03876231/ILSVRC2012_val_00007959.JPEG,696,n03876231,0
679,data/imagenet-val/n03876231/ILSVRC2012_val_00004827.JPEG,696,n03876231,1
680,data/imagenet-val/n03877845/ILSVRC2012_val_00040738.JPEG,698,n03877845,0
681,data/imagenet-val/n03877845/ILSVRC2012_val_00049831.JPEG,698,n03877845,1
682,data/imagenet-val/n03884397/ILSVRC2012_val_00013758.JPEG,699,n03884397,0
683,data/imagenet-val/n03884397/ILSVRC2012_val_00034878.JPEG,699,n03884397,1
684,data/imagenet-val/n03887697/ILSVRC2012_val_00027867.JPEG,700,n03887697,0
685,data/imagenet-val/n03887697/ILSVRC2012_val_00020299.JPEG,700,n03887697,1
686,data/imagenet-val/n03888257/ILSVRC2012_val_00041925.JPEG,701,n03888257,0
687,data/imagenet-val/n03888257/ILSVRC2012_val_00015689.JPEG,701,n03888257,1
688,data/imagenet-val/n03891332/ILSVRC2012_val_00029294.JPEG,704,n03891332,0
689,data/imagenet-val/n03891332/ILSVRC2012_val_00034802.JPEG,704,n03891332,1
690,data/imagenet-val/n03895866/ILSVRC2012_val_00014820.JPEG,705,n03895866,0
691,data/imagenet-val/n03895866/ILSVRC2012_val_00038339.JPEG,705,n03895866,1
692,data/imagenet-val/n03899768/ILSVRC2012_val_00004279.JPEG,706,n03899768,0
693,data/imagenet-val/n03899768/ILSVRC2012_val_00011454.JPEG,706,n03899768,1
694,data/imagenet-val/n03908618/ILSVRC2012_val_00046993.JPEG,709,n03908618,0
695,data/imagenet-val/n03908618/ILSVRC2012_val_00045411.JPEG,709,n03908618,1
696,data/imagenet-val/n03920288/ILSVRC2012_val_00012347.JPEG,712,n03920288,0
697,data/imagenet-val/n03920288/ILSVRC2012_val_00048857.JPEG,712,n03920288,1
698,data/imagenet-val/n03929660/ILSVRC2012_val_00030950.JPEG,714,n03929660,0
699,data/imagenet-val/n03929660/ILSVRC2012_val_00022410.JPEG,714,n03929660,1
700,data/imagenet-val/n03929855/ILSVRC2012_val_00022617.JPEG,715,n03929855,0
701,data/imagenet-val/n03929855/ILSVRC2012_val_00035355.JPEG,715,n03929855,1
702,data/imagenet-val/n03930313/ILSVRC2012_val_00018343.JPEG,716,n03930313,0
703,data/imagenet-val/n03930313/ILSVRC2012_val_00003651.JPEG,716,n03930313,1
704,data/imagenet-val/n03930630/ILSVRC2012_val_00003080.JPEG,717,n03930630,0
705,data/imagenet-val/n03930630/ILSVRC2012_val_00034975.JPEG,717,n03930630,1
706,data/imagenet-val/n03933933/ILSVRC2012_val_00010358.JPEG,718,n03933933,0
707,data/imagenet-val/n03933933/ILSVRC2012_val_00006997.JPEG,718,n03933933,1
708,data/imagenet-val/n03938244/ILSVRC2012_val_00038952.JPEG,721,n03938244,0
709,data/imagenet-val/n03938244/ILSVRC2012_val_00001087.JPEG,721,n03938244,1
710,data/imagenet-val/n03944341/ILSVRC2012_val_00004364.JPEG,723,n03944341,0
711,data/imagenet-val/n03944341/ILSVRC2012_val_00031011.JPEG,723,n03944341,1
712,data/imagenet-val/n03947888/ILSVRC2012_val_00009856.JPEG,724,n03947888,0
713,data/imagenet-val/n03947888/ILSVRC2012_val_00008620.JPEG,724,n03947888,1
714,data/imagenet-val/n03950228/ILSVRC2012_val_00045997.JPEG,725,n03950228,0
715,data/imagenet-val/n03950228/ILSVRC2012_val_00008882.JPEG,725,n03950228,1
716,data/imagenet-val/n03958227/ILSVRC2012_val_00025860.JPEG,728,n03958227,0
717,data/imagenet-val/n03958227/ILSVRC2012_val_00013823.JPEG,728,n03958227,1
718,data/imagenet-val/n03967562/ILSVRC2012_val_00005373.JPEG,730,n03967562,0
719,data/imagenet-val/n03967562/ILSVRC2012_val_00029000.JPEG,730,n03967562,1
720,data/imagenet-val/n03976657/ILSVRC2012_val_00030045.JPEG,733,n03976657,0
721,data/imagenet-val/n03976657/ILSVRC2012_val_00000676.JPEG,733,n03976657,1
722,data/imagenet-val/n03977966/ILSVRC2012_val_00024761.JPEG,734,n03977966,0
723,data/imagenet-val/n03977966/ILSVRC2012_val_00034511.JPEG,734,n03977966,1
724,data/imagenet-val/n03980874/ILSVRC2012_val_00015208.JPEG,735,n03980874,0
725,data/imagenet-val/n03980874/ILSVRC2012_val_00030259.JPEG,735,n03980874,1
726,data/imagenet-val/n03982430/ILSVRC2012_val_00005857.JPEG,736,n03982430,0
727,data/imagenet-val/n03982430/ILSVRC2012_val_00026014.JPEG,736,n03982430,1
728,data/imagenet-val/n03991062/ILSVRC2012_val_00017802.JPEG,738,n03991062,0
729,data/imagenet-val/n03991062/ILSVRC2012_val_00047636.JPEG,738,n03991062,1
730,data/imagenet-val/n03992509/ILSVRC2012_val_00013246.JPEG,739,n03992509,0
731,data/imagenet-val/n03992509/ILSVRC2012_val_00014736.JPEG,739,n03992509,1
732,data/imagenet-val/n04005630/ILSVRC2012_val_00031786.JPEG,743,n04005630,0
733,data/imagenet-val/n04005630/ILSVRC2012_val_00006546.JPEG,743,n04005630,1
734,data/imagenet-val/n04009552/ILSVRC2012_val_00024304.JPEG,745,n04009552,0
735,data/imagenet-val/n04009552/ILSVRC2012_val_00036297.JPEG,745,n04009552,1
736,data/imagenet-val/n04019541/ILSVRC2012_val_00040687.JPEG,746,n04019541,0
737,data/imagenet-val/n04019541/ILSVRC2012_val_00029072.JPEG,746,n04019541,1
738,data/imagenet-val/n04023962/ILSVRC2012_val_00029900.JPEG,747,n04023962,0
739,data/imagenet-val/n04023962/ILSVRC2012_val_00043545.JPEG,747,n04023962,1
740,data/imagenet-val/n04033901/ILSVRC2012_val_00036794.JPEG,749,n04033901,0
741,data/imagenet-val/n04033901/ILSVRC2012_val_00010234.JPEG,749,n04033901,1
742,data/imagenet-val/n04037443/ILSVRC2012_val_00042773.JPEG,751,n04037443,0
743,data/imagenet-val/n04037443/ILSVRC2012_val_00048516.JPEG,751,n04037443,1
744,data/imagenet-val/n04040759/ILSVRC2012_val_00026609.JPEG,753,n04040759,0
745,data/imagenet-val/n04040759/ILSVRC2012_val_00030121.JPEG,753,n04040759,1
746,data/imagenet-val/n04041544/ILSVRC2012_val_00035362.JPEG,754,n04041544,0
747,data/imagenet-val/n04041544/ILSVRC2012_val_00028245.JPEG,754,n04041544,1
748,data/imagenet-val/n04044716/ILSVRC2012_val_00039752.JPEG,755,n04044716,0
749,data/imagenet-val/n04044716/ILSVRC2012_val_00021879.JPEG,755,n04044716,1
750,data/imagenet-val/n04067472/ILSVRC2012_val_00044147.JPEG,758,n04067472,0
751,data/imagenet-val/n04067472/ILSVRC2012_val_00038147.JPEG,758,n04067472,1
752,data/imagenet-val/n04069434/ILSVRC2012_val_00007364.JPEG,759,n04069434,0
753,data/imagenet-val/n04069434/ILSVRC2012_val_00011905.JPEG,759,n04069434,1
754,data/imagenet-val/n04081281/ILSVRC2012_val_00029996.JPEG,762,n04081281,0
755,data/imagenet-val/n04081281/ILSVRC2012_val_00045074.JPEG,762,n04081281,1
756,data/imagenet-val/n04090263/ILSVRC2012_val_00026495.JPEG,764,n04090263,0
757,data/imagenet-val/n04090263/ILSVRC2012_val_00000244.JPEG,764,n04090263,1
758,data/imagenet-val/n04111531/ILSVRC2012_val_00021187.JPEG,766,n04111531,0
759,data/imagenet-val/n04111531/ILSVRC2012_val_00028472.JPEG,766,n04111531,1
760,data/imagenet-val/n04116512/ILSVRC2012_val_00001905.JPEG,767,n04116512,0
761,data/imagenet-val/n04116512/ILSVRC2012_val_00023224.JPEG,767,n04116512,1
762,data/imagenet-val/n04118538/ILSVRC2012_val_00046334.JPEG,768,n04118538,0
763,data/imagenet-val/n04118538/ILSVRC2012_val_00038323.JPEG,768,n04118538,1
764,data/imagenet-val/n04131690/ILSVRC2012_val_00000792.JPEG,773,n04131690,0
765,data/imagenet-val/n04131690/ILSVRC2012_val_00023911.JPEG,773,n04131690,1
766,data/imagenet-val/n04141327/ILSVRC2012_val_00021381.JPEG,777,n04141327,0
767,data/imagenet-val/n04141327/ILSVRC2012_val_00012008.JPEG,777,n04141327,1
768,data/imagenet-val/n04146614/ILSVRC2012_val_00033865.JPEG,779,n04146614,0
769,data/imagenet-val/n04146614/ILSVRC2012_val_00035985.JPEG,779,n04146614,1
770,data/imagenet-val/n04147183/ILSVRC2012_val_00007978.JPEG,780,n04147183,0
771,data/imagenet-val/n04147183/ILSVRC2012_val_00023233.JPEG,780,n04147183,1
772,data/imagenet-val/n04149813/ILSVRC2012_val_00022294.JPEG,781,n04149813,0
773,data/imagenet-val/n04149813/ILSVRC2012_val_00036723.JPEG,781,n04149813,1
774,data/imagenet-val/n04153751/ILSVRC2012_val_00015225.JPEG,783,n04153751,0
775,data/imagenet-val/n04153751/ILSVRC2012_val_00041327.JPEG,783,n04153751,1
776,data/imagenet-val/n04154565/ILSVRC2012_val_00035558.JPEG,784,n04154565,0
777,data/imagenet-val/n04154565/ILSVRC2012_val_00041073.JPEG,784,n04154565,1
778,data/imagenet-val/n04162706/ILSVRC2012_val_00017477.JPEG,785,n04162706,0
779,data/imagenet-val/n04162706/ILSVRC2012_val_00009975.JPEG,785,n04162706,1
780,data/imagenet-val/n04179913/ILSVRC2012_val_00005114.JPEG,786,n04179913,0
781,data/imagenet-val/n04179913/ILSVRC2012_val_00004128.JPEG,786,n04179913,1
782,data/imagenet-val/n04192698/ILSVRC2012_val_00017106.JPEG,787,n04192698,0
783,data/imagenet-val/n04192698/ILSVRC2012_val_00023156.JPEG,787,n04192698,1
784,data/imagenet-val/n04204347/ILSVRC2012_val_00035369.JPEG,791,n04204347,0
785,data/imagenet-val/n04204347/ILSVRC2012_val_00036714.JPEG,791,n04204347,1
786,data/imagenet-val/n04209239/ILSVRC2012_val_00028999.JPEG,794,n04209239,0
787,data/imagenet-val/n04209239/ILSVRC2012_val_00003017.JPEG,794,n04209239,1
788,data/imagenet-val/n04229816/ILSVRC2012_val_00032140.JPEG,796,n04229816,0
789,data/imagenet-val/n04229816/ILSVRC2012_val_00036846.JPEG,796,n04229816,1
790,data/imagenet-val/n04238763/ILSVRC2012_val_00013058.JPEG,798,n04238763,0
791,data/imagenet-val/n04238763/ILSVRC2012_val_00026669.JPEG,798,n04238763,1
792,data/imagenet-val/n04252225/ILSVRC2012_val_00002276.JPEG,803,n04252225,0
793,data/imagenet-val/n04252225/ILSVRC2012_val_00015273.JPEG,803,n04252225,1
794,data/imagenet-val/n04254680/ILSVRC2012_val_00027702.JPEG,805,n04254680,0
795,data/imagenet-val/n04254680/ILSVRC2012_val_00028138.JPEG,805,n04254680,1
796,data/imagenet-val/n04259630/ILSVRC2012_val_00032255.JPEG,808,n04259630,0
797,data/imagenet-val/n04259630/ILSVRC2012_val_00026779.JPEG,808,n04259630,1
798,data/imagenet-val/n04265275/ILSVRC2012_val_00034838.JPEG,811,n04265275,0
799,data/imagenet-val/n04265275/ILSVRC2012_val_00028998.JPEG,811,n04265275,1
800,data/imagenet-val/n04266014/ILSVRC2012_val_00049754.JPEG,812,n04266014,0
801,data/imagenet-val/n04266014/ILSVRC2012_val_00025483.JPEG,812,n04266014,1
802,data/imagenet-val/n04273569/ILSVRC2012_val_00012550.JPEG,814,n04273569,0
803,data/imagenet-val/n04273569/ILSVRC2012_val_00047638.JPEG,814,n04273569,1
804,data/imagenet-val/n04275548/ILSVRC2012_val_00035311.JPEG,815,n04275548,0
805,data/imagenet-val/n04275548/ILSVRC2012_val_00045297.JPEG,815,n04275548,1
806,data/imagenet-val/n04310018/ILSVRC2012_val_00038429.JPEG,820,n04310018,0
807,data/imagenet-val/n04310018/ILSVRC2012_val_00048479.JPEG,820,n04310018,1
808,data/imagenet-val/n04311004/ILSVRC2012_val_00032739.JPEG,821,n04311004,0
809,data/imagenet-val/n04311004/ILSVRC2012_val_00012028.JPEG,821,n04311004,1
810,data/imagenet-val/n04311174/ILSVRC2012_val_00018220.JPEG,822,n04311174,0
811,data/imagenet-val/n04311174/ILSVRC2012_val_00030265.JPEG,822,n04311174,1
812,data/imagenet-val/n04325704/ILSVRC2012_val_00009732.JPEG,824,n04325704,0
813,data/imagenet-val/n04325704/ILSVRC2012_val_00017390.JPEG,824,n04325704,1
814,data/imagenet-val/n04326547/ILSVRC2012_val_00047787.JPEG,825,n04326547,0
815,data/imagenet-val/n04326547/ILSVRC2012_val_00006408.JPEG,825,n04326547,1
816,data/imagenet-val/n04328186/ILSVRC2012_val_00028484.JPEG,826,n04328186,0
817,data/imagenet-val/n04328186/ILSVRC2012_val_00008052.JPEG,826,n04328186,1
818,data/imagenet-val/n04330267/ILSVRC2012_val_00030182.JPEG,827,n04330267,0
819,data/imagenet-val/n04330267/ILSVRC2012_val_00046493.JPEG,827,n04330267,1
820,data/imagenet-val/n04332243/ILSVRC2012_val_00009360.JPEG,828,n04332243,0
821,data/imagenet-val/n04332243/ILSVRC2012_val_00018089.JPEG,828,n04332243,1
822,data/imagenet-val/n04335435/ILSVRC2012_val_00024430.JPEG,829,n04335435,0
823,data/imagenet-val/n04335435/ILSVRC2012_val_00036805.JPEG,829,n04335435,1
824,data/imagenet-val/n04336792/ILSVRC2012_val_00036134.JPEG,830,n04336792,0
825,data/imagenet-val/n04336792/ILSVRC2012_val_00027884.JPEG,830,n04336792,1
826,data/imagenet-val/n04344873/ILSVRC2012_val_00011522.JPEG,831,n04344873,0
827,data/imagenet-val/n04344873/ILSVRC2012_val_00043530.JPEG,831,n04344873,1
828,data/imagenet-val/n04346328/ILSVRC2012_val_00024856.JPEG,832,n04346328,0
829,data/imagenet-val/n04346328/ILSVRC2012_val_00012967.JPEG,832,n04346328,1
830,data/imagenet-val/n04350905/ILSVRC2012_val_00048684.JPEG,834,n04350905,0
831,data/imagenet-val/n04350905/ILSVRC2012_val_00000583.JPEG,834,n04350905,1
832,data/imagenet-val/n04356056/ILSVRC2012_val_00008306.JPEG,837,n04356056,0
833,data/imagenet-val/n04356056/ILSVRC2012_val_00034446.JPEG,837,n04356056,1
834,data/imagenet-val/n04370456/ILSVRC2012_val_00038408.JPEG,841,n04370456,0
835,data/imagenet-val/n04370456/ILSVRC2012_val_00005163.JPEG,841,n04370456,1
836,data/imagenet-val/n04372370/ILSVRC2012_val_00015844.JPEG,844,n04372370,0
837,data/imagenet-val/n04372370/ILSVRC2012_val_00031983.JPEG,844,n04372370,1
838,data/imagenet-val/n04376876/ILSVRC2012_val_00028876.JPEG,845,n04376876,0
839,data/imagenet-val/n04376876/ILSVRC2012_val_00026871.JPEG,845,n04376876,1
840,data/imagenet-val/n04389033/ILSVRC2012_val_00042341.JPEG,847,n04389033,0
841,data/imagenet-val/n04389033/ILSVRC2012_val_00040332.JPEG,847,n04389033,1
842,data/imagenet-val/n04398044/ILSVRC2012_val_00043087.JPEG,849,n04398044,0
843,data/imagenet-val/n04398044/ILSVRC2012_val_00025266.JPEG,849,n04398044,1
844,data/imagenet-val/n04417672/ILSVRC2012_val_00042793.JPEG,853,n04417672,0
845,data/imagenet-val/n04417672/ILSVRC2012_val_00004491.JPEG,853,n04417672,1
846,data/imagenet-val/n04418357/ILSVRC2012_val_00016570.JPEG,854,n04418357,0
847,data/imagenet-val/n04418357/ILSVRC2012_val_00038177.JPEG,854,n04418357,1
848,data/imagenet-val/n04423845/ILSVRC2012_val_00004237.JPEG,855,n04423845,0
849,data/imagenet-val/n04423845/ILSVRC2012_val_00047072.JPEG,855,n04423845,1
850,data/imagenet-val/n04429376/ILSVRC2012_val_00011028.JPEG,857,n04429376,0
851,data/imagenet-val/n04429376/ILSVRC2012_val_00005160.JPEG,857,n04429376,1
852,data/imagenet-val/n04442312/ILSVRC2012_val_00026916.JPEG,859,n04442312,0
853,data/imagenet-val/n04442312/ILSVRC2012_val_00040118.JPEG,859,n04442312,1
854,data/imagenet-val/n04447861/ILSVRC2012_val_00001718.JPEG,861,n04447861,0
855,data/imagenet-val/n04447861/ILSVRC2012_val_00040960.JPEG,861,n04447861,1
856,data/imagenet-val/n04458633/ILSVRC2012_val_00044465.JPEG,863,n04458633,0
857,data/imagenet-val/n04458633/ILSVRC2012_val_00021803.JPEG,863,n04458633,1
858,data/imagenet-val/n04462240/ILSVRC2012_val_00043666.JPEG,865,n04462240,0
859,data/imagenet-val/n04462240/ILSVRC2012_val_00021008.JPEG,865,n04462240,1
860,data/imagenet-val/n04465501/ILSVRC2012_val_00038484.JPEG,866,n04465501,0
861,data/imagenet-val/n04465501/ILSVRC2012_val_00003326.JPEG,866,n04465501,1
862,data/imagenet-val/n04467665/ILSVRC2012_val_00014857.JPEG,867,n04467665,0
863,data/imagenet-val/n04467665/ILSVRC2012_val_00041588.JPEG,867,n04467665,1
864,data/imagenet-val/n04479046/ILSVRC2012_val_00027430.JPEG,869,n04479046,0
865,data/imagenet-val/n04479046/ILSVRC2012_val_00026699.JPEG,869,n04479046,1
866,data/imagenet-val/n04482393/ILSVRC2012_val_00036090.JPEG,870,n04482393,0
867,data/imagenet-val/n04482393/ILSVRC2012_val_00044823.JPEG,870,n04482393,1
868,data/imagenet-val/n04485082/ILSVRC2012_val_00001409.JPEG,872,n04485082,0
869,data/imagenet-val/n04485082/ILSVRC2012_val_00022298.JPEG,872,n04485082,1
870,data/imagenet-val/n04487081/ILSVRC2012_val_00042445.JPEG,874,n04487081,0
871,data/imagenet-val/n04487081/ILSVRC2012_val_00038949.JPEG,874,n04487081,1
872,data/imagenet-val/n04487394/ILSVRC2012_val_00048169.JPEG,875,n04487394,0
873,data/imagenet-val/n04487394/ILSVRC2012_val_00029366.JPEG,875,n04487394,1
874,data/imagenet-val/n04493381/ILSVRC2012_val_00047610.JPEG,876,n04493381,0
875,data/imagenet-val/n04493381/ILSVRC2012_val_00042435.JPEG,876,n04493381,1
876,data/imagenet-val/n04515003/ILSVRC2012_val_00036378.JPEG,881,n04515003,0
877,data/imagenet-val/n04515003/ILSVRC2012_val_00013446.JPEG,881,n04515003,1
878,data/imagenet-val/n04517823/ILSVRC2012_val_00039626.JPEG,882,n04517823,0
879,data/imagenet-val/n04517823/ILSVRC2012_val_00048458.JPEG,882,n04517823,1
880,data/imagenet-val/n04523525/ILSVRC2012_val_00034392.JPEG,884,n04523525,0
881,data/imagenet-val/n04523525/ILSVRC2012_val_00019945.JPEG,884,n04523525,1
882,data/imagenet-val/n04525305/ILSVRC2012_val_00020237.JPEG,886,n04525305,0
883,data/imagenet-val/n04525305/ILSVRC2012_val_00028080.JPEG,886,n04525305,1
884,data/imagenet-val/n04532106/ILSVRC2012_val_00013235.JPEG,887,n04532106,0
885,data/imagenet-val/n04532106/ILSVRC2012_val_00034337.JPEG,887,n04532106,1
886,data/imagenet-val/n04536866/ILSVRC2012_val_00025372.JPEG,889,n04536866,0
887,data/imagenet-val/n04536866/ILSVRC2012_val_00024503.JPEG,889,n04536866,1
888,data/imagenet-val/n04540053/ILSVRC2012_val_00038225.JPEG,890,n04540053,0
889,data/imagenet-val/n04540053/ILSVRC2012_val_00007665.JPEG,890,n04540053,1
890,data/imagenet-val/n04550184/ILSVRC2012_val_00007593.JPEG,894,n04550184,0
891,data/imagenet-val/n04550184/ILSVRC2012_val_00029049.JPEG,894,n04550184,1
892,data/imagenet-val/n04554684/ILSVRC2012_val_00005491.JPEG,897,n04554684,0
893,data/imagenet-val/n04554684/ILSVRC2012_val_00009655.JPEG,897,n04554684,1
894,data/imagenet-val/n04560804/ILSVRC2012_val_00019924.JPEG,899,n04560804,0
895,data/imagenet-val/n04560804/ILSVRC2012_val_00031871.JPEG,899,n04560804,1
896,data/imagenet-val/n04589890/ILSVRC2012_val_00002310.JPEG,904,n04589890,0
897,data/imagenet-val/n04589890/ILSVRC2012_val_00039694.JPEG,904,n04589890,1
898,data/imagenet-val/n04590129/ILSVRC2012_val_00013731.JPEG,905,n04590129,0
899,data/imagenet-val/n04590129/ILSVRC2012_val_00043493.JPEG,905,n04590129,1
900,data/imagenet-val/n04591157/ILSVRC2012_val_00021972.JPEG,906,n04591157,0
901,data/imagenet-val/n04591157/ILSVRC2012_val_00011761.JPEG,906,n04591157,1
902,data/imagenet-val/n04591713/ILSVRC2012_val_00025193.JPEG,907,n04591713,0
903,data/imagenet-val/n04591713/ILSVRC2012_val_00043385.JPEG,907,n04591713,1
904,data/imagenet-val/n04592741/ILSVRC2012_val_00018081.JPEG,908,n04592741,0
905,data/imagenet-val/n04592741/ILSVRC2012_val_00017349.JPEG,908,n04592741,1
906,data/imagenet-val/n04604644/ILSVRC2012_val_00012751.JPEG,912,n04604644,0
907,data/imagenet-val/n04604644/ILSVRC2012_val_00034678.JPEG,912,n04604644,1
908,data/imagenet-val/n04606251/ILSVRC2012_val_00043800.JPEG,913,n04606251,0
909,data/imagenet-val/n04606251/ILSVRC2012_val_00033025.JPEG,913,n04606251,1
910,data/imagenet-val/n06794110/ILSVRC2012_val_00035022.JPEG,919,n06794110,0
911,data/imagenet-val/n06794110/ILSVRC2012_val_00049982.JPEG,919,n06794110,1
912,data/imagenet-val/n07579787/ILSVRC2012_val_00013115.JPEG,923,n07579787,0
913,data/imagenet-val/n07579787/ILSVRC2012_val_00030201.JPEG,923,n07579787,1
914,data/imagenet-val/n07584110/ILSVRC2012_val_00032882.JPEG,925,n07584110,0
915,data/imagenet-val/n07584110/ILSVRC2012_val_00010659.JPEG,925,n07584110,1
916,data/imagenet-val/n07613480/ILSVRC2012_val_00026272.JPEG,927,n07613480,0
917,data/imagenet-val/n07613480/ILSVRC2012_val_00042963.JPEG,927,n07613480,1
918,data/imagenet-val/n07684084/ILSVRC2012_val_00046907.JPEG,930,n07684084,0
919,data/imagenet-val/n07684084/ILSVRC2012_val_00005911.JPEG,930,n07684084,1
920,data/imagenet-val/n07693725/ILSVRC2012_val_00012537.JPEG,931,n07693725,0
921,data/imagenet-val/n07693725/ILSVRC2012_val_00043248.JPEG,931,n07693725,1
922,data/imagenet-val/n07697313/ILSVRC2012_val_00038724.JPEG,933,n07697313,0
923,data/imagenet-val/n07697313/ILSVRC2012_val_00047793.JPEG,933,n07697313,1
924,data/imagenet-val/n07714571/ILSVRC2012_val_00035929.JPEG,936,n07714571,0
925,data/imagenet-val/n07714571/ILSVRC2012_val_00007647.JPEG,936,n07714571,1
926,data/imagenet-val/n07715103/ILSVRC2012_val_00028394.JPEG,938,n07715103,0
927,data/imagenet-val/n07715103/ILSVRC2012_val_00021277.JPEG,938,n07715103,1
928,data/imagenet-val/n07717410/ILSVRC2012_val_00042080.JPEG,941,n07717410,0
929,data/imagenet-val/n07717410/ILSVRC2012_val_00033494.JPEG,941,n07717410,1
930,data/imagenet-val/n07730033/ILSVRC2012_val_00016921.JPEG,946,n07730033,0
931,data/imagenet-val/n07730033/ILSVRC2012_val_00041676.JPEG,946,n07730033,1
932,data/imagenet-val/n07734744/ILSVRC2012_val_00008005.JPEG,947,n07734744,0
933,data/imagenet-val/n07734744/ILSVRC2012_val_00009394.JPEG,947,n07734744,1
934,data/imagenet-val/n07742313/ILSVRC2012_val_00036103.JPEG,948,n07742313,0
935,data/imagenet-val/n07742313/ILSVRC2012_val_00003581.JPEG,948,n07742313,1
936,data/imagenet-val/n07749582/ILSVRC2012_val_00002098.JPEG,951,n07749582,0
937,data/imagenet-val/n07749582/ILSVRC2012_val_00003345.JPEG,951,n07749582,1
938,data/imagenet-val/n07753275/ILSVRC2012_val_00010614.JPEG,953,n07753275,0
939,data/imagenet-val/n07753275/ILSVRC2012_val_00015406.JPEG,953,n07753275,1
940,data/imagenet-val/n07753592/ILSVRC2012_val_00028841.JPEG,954,n07753592,0
941,data/imagenet-val/n07753592/ILSVRC2012_val_00029906.JPEG,954,n07753592,1
942,data/imagenet-val/n07754684/ILSVRC2012_val_00029398.JPEG,955,n07754684,0
943,data/imagenet-val/n07754684/ILSVRC2012_val_00029076.JPEG,955,n07754684,1
944,data/imagenet-val/n07760859/ILSVRC2012_val_00004962.JPEG,956,n07760859,0
945,data/imagenet-val/n07760859/ILSVRC2012_val_00028257.JPEG,956,n07760859,1
946,data/imagenet-val/n07802026/ILSVRC2012_val_00044474.JPEG,958,n07802026,0
947,data/imagenet-val/n07802026/ILSVRC2012_val_00020287.JPEG,958,n07802026,1
948,data/imagenet-val/n07836838/ILSVRC2012_val_00033685.JPEG,960,n07836838,0
949,data/imagenet-val/n07836838/ILSVRC2012_val_00038954.JPEG,960,n07836838,1
950,data/imagenet-val/n07871810/ILSVRC2012_val_00027096.JPEG,962,n07871810,0
951,data/imagenet-val/n07871810/ILSVRC2012_val_00009382.JPEG,962,n07871810,1
952,data/imagenet-val/n07873807/ILSVRC2012_val_00032518.JPEG,963,n07873807,0
953,data/imagenet-val/n07873807/ILSVRC2012_val_00028297.JPEG,963,n07873807,1
954,data/imagenet-val/n07875152/ILSVRC2012_val_00023843.JPEG,964,n07875152,0
955,data/imagenet-val/n07875152/ILSVRC2012_val_00005696.JPEG,964,n07875152,1
956,data/imagenet-val/n07892512/ILSVRC2012_val_00033598.JPEG,966,n07892512,0
957,data/imagenet-val/n07892512/ILSVRC2012_val_00029025.JPEG,966,n07892512,1
958,data/imagenet-val/n07920052/ILSVRC2012_val_00013375.JPEG,967,n07920052,0
959,data/imagenet-val/n07920052/ILSVRC2012_val_00002934.JPEG,967,n07920052,1
960,data/imagenet-val/n07930864/ILSVRC2012_val_00042254.JPEG,968,n07930864,0
961,data/imagenet-val/n07930864/ILSVRC2012_val_00039707.JPEG,968,n07930864,1
962,data/imagenet-val/n09193705/ILSVRC2012_val_00023040.JPEG,970,n09193705,0
963,data/imagenet-val/n09193705/ILSVRC2012_val_00008461.JPEG,970,n09193705,1
964,data/imagenet-val/n09229709/ILSVRC2012_val_00029026.JPEG,971,n09229709,0
965,data/imagenet-val/n09229709/ILSVRC2012_val_00049270.JPEG,971,n09229709,1
966,data/imagenet-val/n09246464/ILSVRC2012_val_00034504.JPEG,972,n09246464,0
967,data/imagenet-val/n09246464/ILSVRC2012_val_00001444.JPEG,972,n09246464,1
968,data/imagenet-val/n09256479/ILSVRC2012_val_00007613.JPEG,973,n09256479,0
969,data/imagenet-val/n09256479/ILSVRC2012_val_00047624.JPEG,973,n09256479,1
970,data/imagenet-val/n09288635/ILSVRC2012_val_00025370.JPEG,974,n09288635,0
971,data/imagenet-val/n09288635/ILSVRC2012_val_00043647.JPEG,974,n09288635,1
972,data/imagenet-val/n09421951/ILSVRC2012_val_00001767.JPEG,977,n09421951,0
973,data/imagenet-val/n09421951/ILSVRC2012_val_00020479.JPEG,977,n09421951,1
974,data/imagenet-val/n09428293/ILSVRC2012_val_00002896.JPEG,978,n09428293,0
975,data/imagenet-val/n09428293/ILSVRC2012_val_00001153.JPEG,978,n09428293,1
976,data/imagenet-val/n09472597/ILSVRC2012_val_00015387.JPEG,980,n09472597,0
977,data/imagenet-val/n09472597/ILSVRC2012_val_00032361.JPEG,980,n09472597,1
978,data/imagenet-val/n10148035/ILSVRC2012_val_00000509.JPEG,982,n10148035,0
979,data/imagenet-val/n10148035/ILSVRC2012_val_00022980.JPEG,982,n10148035,1
980,data/imagenet-val/n10565667/ILSVRC2012_val_00017929.JPEG,983,n10565667,0
981,data/imagenet-val/n10565667/ILSVRC2012_val_00004546.JPEG,983,n10565667,1
982,data/imagenet-val/n12057211/ILSVRC2012_val_00034247.JPEG,986,n12057211,0
983,data/imagenet-val/n12057211/ILSVRC2012_val_00042584.JPEG,986,n12057211,1
984,data/imagenet-val/n12267677/ILSVRC2012_val_00002982.JPEG,988,n12267677,0
985,data/imagenet-val/n12267677/ILSVRC2012_val_00028871.JPEG,988,n12267677,1
986,data/imagenet-val/n12620546/ILSVRC2012_val_00042794.JPEG,989,n12620546,0
987,data/imagenet-val/n12620546/ILSVRC2012_val_00035279.JPEG,989,n12620546,1
988,data/imagenet-val/n12768682/ILSVRC2012_val_00026660.JPEG,990,n12768682,0
989,data/imagenet-val/n12768682/ILSVRC2012_val_00046904.JPEG,990,n12768682,1
990,data/imagenet-val/n12998815/ILSVRC2012_val_00005745.JPEG,992,n12998815,0
991,data/imagenet-val/n12998815/ILSVRC2012_val_00042478.JPEG,992,n12998815,1
992,data/imagenet-val/n13040303/ILSVRC2012_val_00021034.JPEG,994,n13040303,0
993,data/imagenet-val/n13040303/ILSVRC2012_val_00045228.JPEG,994,n13040303,1
994,data/imagenet-val/n13054560/ILSVRC2012_val_00045498.JPEG,997,n13054560,0
995,data/imagenet-val/n13054560/ILSVRC2012_val_00043243.JPEG,997,n13054560,1
996,data/imagenet-val/n13133613/ILSVRC2012_val_00018078.JPEG,998,n13133613,0
997,data/imagenet-val/n13133613/ILSVRC2012_val_00011122.JPEG,998,n13133613,1
998,data/imagenet-val/n15075141/ILSVRC2012_val_00031618.JPEG,999,n15075141,0
999,data/imagenet-val/n15075141/ILSVRC2012_val_00006953.JPEG,999,n15075141,1
